candidate_key,paper_id,bridge_extraction_id,bridge_policy_run_id,chunk_id,section,document_id,concept_id,concept_type,in_relation_calibration,automatic_status,raw_retention_lane,raw_pattern_subject,raw_pattern_relation,raw_pattern_object,effective_pattern_subject,effective_pattern_relation,effective_pattern_object,relation_strength,pattern_support_mode,evidence_scope,label,source_phrase,supporting_phrases_json,subject_evidence_phrase,relation_evidence_phrase,object_evidence_phrase,comparison_items_json,qualifiers_json,anchor_ids_json,anchor_relations_json,evidence_pointers_json,evidence_pointer_count,rejection_reason_codes_json,rejection_reason_details_json,repair_rule_ids_json,manual_decision,manual_pattern_subject,manual_pattern_relation,manual_pattern_object,manual_anchor_correct,manual_reason,manual_confidence,manual_notes,reviewer,reviewed_at
09ee9b77bef255e055e7,Kiwook_1,b68eca2bd9b812d0,6043a1adf9014787,Kiwook_1:main:1ad66c0fdb5c8935e8d5,[main] whole document,main,concept_wl_unoccupied_dos_correlation,RelationPattern,True,REJECTED,accepted_pattern,"Pt L2,3-edge white-line intensity",CORRELATES_WITH,unoccupied Pt 5d density of states,"Pt L2,3-edge white-line intensity",CORRELATES_WITH,unoccupied Pt 5d density of states,correlational,explicit_single_span,paper_result,white-line-intensity–unoccupied-5d-density correlation,"Note that the integrated area under the WL peak of Pt L2,3-edge can directly reflect the unoccupied density of states of the Pt 5d orbitals.","[""Note that the integrated area under the WL peak of Pt L2,3-edge can directly reflect the unoccupied density of states of the Pt 5d orbitals.""]","the integrated area under the WL peak of Pt L2,3-edge",can directly reflect,the unoccupied density of states of the Pt 5d orbitals,[],[],"[""meas_pt_ru_wl""]","[""EXPRESSES_PATTERN""]","[{""asset_ids"": [], ""document_id"": ""main"", ""document_role"": ""main"", ""locator_text"": null, ""page_id"": 4}]",1,"[""RELATION_CUE_MISMATCH""]","[{""code"": ""RELATION_CUE_MISMATCH"", ""detail"": ""Relation evidence does not lexically support CORRELATES_WITH."", ""field"": ""relation_evidence_phrase"", ""repairable"": true}]",[],,,,,,,,,,
54176c541094d0b5a49e,Kiwook_1,b68eca2bd9b812d0,6043a1adf9014787,Kiwook_1:main:641414853a1cb468ecee,[main] whole document,main,bridge_controlled_deposition_selects_dimer_structure,RelationPattern,True,ACCEPTED_PATTERN,accepted_pattern,controlled deposition conditions,SELECTS,bimetallic dimer structure,controlled deposition conditions,SELECTS,bimetallic dimer structure,descriptive,explicit_single_span,background,controlled deposition selects bimetallic dimer formation,"Through careful control of the deposition conditions, the second metal (e.g., Ru) can only attach on the preliminary one (e.g., Pt), selectively forming the bimetallic dimer structure.","[""Through careful control of the deposition conditions, the second metal (e.g., Ru) can only attach on the preliminary one (e.g., Pt), selectively forming the bimetallic dimer structure.""]",careful control of the deposition conditions,selectively forming,the bimetallic dimer structure,[],"[{""key"": ""selection_target"", ""value"": ""attachment of the second metal to the preliminary metal""}]","[""exp_ald_synthesis""]","[""EXPRESSES_PATTERN""]","[{""asset_ids"": [], ""document_id"": ""main"", ""document_role"": ""main"", ""locator_text"": null, ""page_id"": 10}]",1,[],[],[],,,,,,,,,,
4aa006b06d692336d84a,Kiwook_1,b68eca2bd9b812d0,6043a1adf9014787,Kiwook_1:main:641414853a1cb468ecee,[main] whole document,main,bridge_bimetallic_interaction_modulates_electronic_structure,RelationPattern,True,REJECTED,accepted_pattern,electronic influence of one metal in a bimetallic dimer,MODULATES,electronic structure of the partner metal,electronic influence of one metal in a bimetallic dimer,MODULATES,electronic structure of the partner metal,causal_interpretive,explicit_single_span,author_interpretation,heterometallic interaction modulates partner electronic structure,"Density functional theory (DFT) calculation results indicate that the Pt atom strongly affects the electronic structure of the Ru atom, where the bimetallic dimer proceeds metallicity to covalence transformation, which results in the high HER performance.","[""Density functional theory (DFT) calculation results indicate that the Pt atom strongly affects the electronic structure of the Ru atom, where the bimetallic dimer proceeds metallicity to covalence transformation, which results in the high HER performance.""]",the Pt atom,strongly affects,the electronic structure of the Ru atom,[],"[{""key"": ""reaction_context"", ""value"": ""hydrogen evolution reaction""}]","[""obs_pt_ru_electronic_result""]","[""EXPRESSES_PATTERN""]","[{""asset_ids"": [], ""document_id"": ""main"", ""document_role"": ""main"", ""locator_text"": null, ""page_id"": 10}]",1,"[""RELATION_CUE_MISMATCH""]","[{""code"": ""RELATION_CUE_MISMATCH"", ""detail"": ""Relation evidence does not lexically support MODULATES."", ""field"": ""relation_evidence_phrase"", ""repairable"": true}]",[],,,,,,,,,,
044da543b7db305cf3ab,Kiwook_1,b68eca2bd9b812d0,6043a1adf9014787,Kiwook_1:main:641414853a1cb468ecee,[main] whole document,main,bridge_metallicity_to_covalence_transformation,ElectronicEffect,False,KEPT_FRONTIER,paper_local_frontier,,,,,,,,,author_interpretation,metallicity-to-covalence transformation,"where the bimetallic dimer proceeds metallicity to covalence transformation, which results in the high HER performance.",[],,,,[],[],"[""mech_pt_ru_covalence""]","[""INVOLVES_PHENOMENON""]","[{""asset_ids"": [], ""document_id"": ""main"", ""document_role"": ""main"", ""locator_text"": null, ""page_id"": 10}]",1,[],[],[],,,,,,,,,,
b1112145f4b5b59fd684,Kiwook_1,b68eca2bd9b812d0,6043a1adf9014787,Kiwook_1:main:68973184a0c9c36b8f90,[main] whole document,main,bc_1,RelationPattern,True,ACCEPTED_PATTERN,accepted_pattern,dual-atom dimer structure,PROMOTES,HER activity,dual-atom dimer structure,PROMOTES,HER activity,causal_interpretive,explicit_single_span,author_interpretation,dual-atom structure–HER activity enhancement,These results indicate that the Pt–Ru dimer structures can effectively improve the HER activity in contrast to single atoms and NPs.,"[""These results indicate that the Pt–Ru dimer structures can effectively improve the HER activity in contrast to single atoms and NPs.""]",Pt–Ru dimer structures,can effectively improve,the HER activity,[],[],"[""mech_dimer_activity""]","[""EXPRESSES_PATTERN""]","[{""asset_ids"": [], ""document_id"": ""main"", ""document_role"": ""main"", ""locator_text"": null, ""page_id"": 10}]",1,[],[],[],,,,,,,,,,
103af8e74affbcb3d6ea,Kiwook_1,b68eca2bd9b812d0,6043a1adf9014787,Kiwook_1:main:70e5fe1129f40eb2b396,[main] whole document,main,concept_coverage_dependent_site_selection,RelationPattern,True,REJECTED,accepted_pattern,preferred hydrogen adsorption side,VARIES_WITH,hydrogen adsorption coverage,preferred hydrogen adsorption side,VARIES_WITH,hydrogen adsorption coverage,correlational,explicit_single_span,paper_result,hydrogen-coverage-dependent adsorption-site selection,"Interestingly, after the first step, the hydrogen atoms first adsorb on the Pt side one by one, after three hydrogen atoms adsorb on Pt side and one hydrogen on Ru side, the next one prefers to stay on the Ru atom in sequence.","[""Interestingly, after the first step, the hydrogen atoms first adsorb on the Pt side one by one, after three hydrogen atoms adsorb on Pt side and one hydrogen on Ru side, the next one prefers to stay on the Ru atom in sequence.""]",the hydrogen atoms first adsorb on the Pt side one by one,"after three hydrogen atoms adsorb on Pt side and one hydrogen on Ru side, the next one prefers to stay on the Ru atom in sequence",after the first step,[],"[{""key"": ""adsorbate"", ""value"": ""hydrogen""}, {""key"": ""system"", ""value"": ""dual-atom Pt–Ru dimer""}]","[""calc_h_adsorption_pt_ru""]","[""EXPRESSES_PATTERN""]","[{""asset_ids"": [""Kiwook_1:main:asset:c3e3d577ccd22fa0""], ""document_id"": ""main"", ""document_role"": ""main"", ""locator_text"": ""Fig. 5"", ""page_id"": 6}]",1,"[""RELATION_CUE_MISMATCH""]","[{""code"": ""RELATION_CUE_MISMATCH"", ""detail"": ""Relation evidence does not lexically support VARIES_WITH."", ""field"": ""relation_evidence_phrase"", ""repairable"": true}]",[],,,,,,,,,,
52cfbc48d2159b247013,Kiwook_1,b68eca2bd9b812d0,6043a1adf9014787,Kiwook_1:main:70e5fe1129f40eb2b396,[main] whole document,main,concept_adsorption_regime_electronic_structure_change,ElectronicEffect,False,KEPT_FRONTIER,paper_local_frontier,,,,,,,,,author_interpretation,adsorption-regime-dependent electronic-structure change,"while with the further increasing number of the hydrogen atoms, the H adsorption becomes favorable again, which should be related with the change of electronic structure for Pt–Ru dimer.",[],,,,[],[],"[""calc_h_adsorption_pt_ru""]","[""DESCRIBES_INTERFACE""]","[{""asset_ids"": [""Kiwook_1:main:asset:b02f364085e0cbf1""], ""document_id"": ""main"", ""document_role"": ""main"", ""locator_text"": null, ""page_id"": 10}]",1,[],[],[],,,,,,,,,,
9bde07fa879a9f75dba9,Kiwook_1,b68eca2bd9b812d0,6043a1adf9014787,Kiwook_1:main:7185649b53e40800c10b,[main] whole document,main,pattern_intermetallic_bond_contraction_electron_redistribution,RelationPattern,True,REJECTED,accepted_pattern,intermetallic bond contraction,PROMOTES,electron redistribution between paired metal sites,intermetallic bond contraction,PROMOTES,electron redistribution between paired metal sites,causal_interpretive,explicit_single_span,author_interpretation,intermetallic bond contraction–electron redistribution coupling,"In this process, the bond distance between the Pt–Ru dimer decreases from 2.72 to 2.63 Å, which results in the electron redistribution between Pt–Ru dimer.","[""In this process, the bond distance between the Pt–Ru dimer decreases from 2.72 to 2.63 Å, which results in the electron redistribution between Pt–Ru dimer.""]",the bond distance between the Pt–Ru dimer decreases from 2.72 to 2.63 Å,which results in,the electron redistribution between Pt–Ru dimer,[],"[{""key"": ""adsorption_context"", ""value"": ""further hydrogen adsorption on one metal site""}, {""key"": ""architecture"", ""value"": ""dual-atom metal unit""}]","[""mech_pt_ru_electron_redistribution""]","[""EXPRESSES_PATTERN""]","[{""asset_ids"": [], ""document_id"": ""main"", ""document_role"": ""main"", ""locator_text"": null, ""page_id"": 6}]",1,"[""RELATION_CUE_MISMATCH""]","[{""code"": ""RELATION_CUE_MISMATCH"", ""detail"": ""Relation evidence does not lexically support PROMOTES."", ""field"": ""relation_evidence_phrase"", ""repairable"": true}]",[],,,,,,,,,,
73512204a4298499f1e3,Kiwook_1,b68eca2bd9b812d0,6043a1adf9014787,Kiwook_1:main:725fa6be8c47e57a83a6,[main] whole document,main,concept_support_inertness_selective_deposition,RelationPattern,True,ACCEPTED_PATTERN,accepted_pattern,suppressed deposition on the support during initial deposition cycles,SELECTS,pre-existing metal atoms as deposition sites,suppressed deposition on the support during initial deposition cycles,SELECTS,pre-existing metal atoms as deposition sites,causal_interpretive,explicit_single_span,author_interpretation,support-deposition suppression–site selection relationship,"Recently, we reported that Ru atoms can not be deposited on NCNTs in the first several ALD cycles[36.](#page-10-0) This result indicates that Ru atoms are not effectively attached onto NCNTs during the several initial ALD cycles, which provided the necessary prerequisite for selectively deposition of Ru atoms on Pt atoms.","[""Recently, we reported that Ru atoms can not be deposited on NCNTs in the first several ALD cycles[36.](#page-10-0) This result indicates that Ru atoms are not effectively attached onto NCNTs during the several initial ALD cycles, which provided the necessary prerequisite for selectively deposition of Ru atoms on Pt atoms.""]",Ru atoms are not effectively attached onto NCNTs during the several initial ALD cycles,provided the necessary prerequisite for selectively deposition of Ru atoms on Pt atoms,Ru atoms on Pt atoms,[],"[{""key"": ""deposition_process"", ""value"": ""initial ALD cycles""}, {""key"": ""support"", ""value"": ""NCNTs""}, {""key"": ""deposited_species"", ""value"": ""Ru atoms""}]","[""synth_ald_ru_on_pt""]","[""EXPRESSES_PATTERN""]","[{""asset_ids"": [], ""document_id"": ""main"", ""document_role"": ""main"", ""locator_text"": null, ""page_id"": 10}]",1,[],[],[],,,,,,,,,,
d6496a99142c26f723ad,Kiwook_1,b68eca2bd9b812d0,6043a1adf9014787,Kiwook_1:main:864bfb4d8138f3745e6b,[main] whole document,main,pat_electronic_structure_her_modulation,RelationPattern,True,ACCEPTED_PATTERN,accepted_pattern,hydrogen-adsorption-induced electronic structure,MODULATES,HER activity,hydrogen-adsorption-induced electronic structure,MODULATES,HER activity,causal_interpretive,explicit_single_span,author_interpretation,hydrogen-adsorption-induced electronic-structure–HER-activity modulation,"Meanwhile with the increase of the hydrogen adsorption, the ΔGH is further reduced, thus the electronic structure of Pt–Ru dimer under the hydrogen adsorption plays a vital role in modulating the HER activity of Pt–Ru dimer.","[""Meanwhile with the increase of the hydrogen adsorption, the ΔGH is further reduced, thus the electronic structure of Pt–Ru dimer under the hydrogen adsorption plays a vital role in modulating the HER activity of Pt–Ru dimer.""]",the electronic structure of Pt–Ru dimer under the hydrogen adsorption,plays a vital role in modulating,the HER activity of Pt–Ru dimer,[],"[{""key"": ""reaction"", ""value"": ""hydrogen evolution reaction""}, {""key"": ""adsorption_context"", ""value"": ""hydrogen adsorption""}]","[""mech_electronic_her""]","[""EXPRESSES_PATTERN""]","[{""asset_ids"": [], ""document_id"": ""main"", ""document_role"": ""main"", ""locator_text"": ""paragraph discussing Fig. 5a"", ""page_id"": 6}]",1,[],[],[],,,,,,,,,,
0e3c246f26aa8beba282,Kiwook_1,b68eca2bd9b812d0,6043a1adf9014787,Kiwook_1:main:864bfb4d8138f3745e6b,[main] whole document,main,pat_hydrogen_coverage_dgh_variation,RelationPattern,True,REJECTED,accepted_pattern,hydrogen adsorption free energy,VARIES_WITH,hydrogen adsorption coverage,hydrogen adsorption free energy,VARIES_WITH,hydrogen adsorption coverage,correlational,explicit_single_span,paper_result,hydrogen-coverage-dependent adsorption free-energy variation,"Meanwhile with the increase of the hydrogen adsorption, the ΔGH is further reduced, thus the electronic structure of Pt–Ru dimer under the hydrogen adsorption plays a vital role in modulating the HER activity of Pt–Ru dimer.","[""Meanwhile with the increase of the hydrogen adsorption, the ΔGH is further reduced, thus the electronic structure of Pt–Ru dimer under the hydrogen adsorption plays a vital role in modulating the HER activity of Pt–Ru dimer.""]",the ΔGH,is further reduced,the increase of the hydrogen adsorption,[],"[{""key"": ""reaction"", ""value"": ""hydrogen evolution reaction""}, {""key"": ""system"", ""value"": ""dual-atom model""}]","[""obs_dgh_coverage""]","[""EXPRESSES_PATTERN""]","[{""asset_ids"": [], ""document_id"": ""main"", ""document_role"": ""main"", ""locator_text"": ""paragraph discussing hydrogen coverage and ΔGH"", ""page_id"": 6}]",1,"[""RELATION_CUE_MISMATCH""]","[{""code"": ""RELATION_CUE_MISMATCH"", ""detail"": ""Relation evidence does not lexically support VARIES_WITH."", ""field"": ""relation_evidence_phrase"", ""repairable"": true}]",[],,,,,,,,,,
bb0191d19dd2889aa705,Kiwook_1,b68eca2bd9b812d0,6043a1adf9014787,Kiwook_1:main:8802334c1e07a24908e1,[main] whole document,main,concept_dual_atom_vs_single_atom_her_activity,RelationPattern,True,REJECTED,accepted_pattern,dual-atom architecture,CONTRASTS_WITH,single-atom architecture,dual-atom architecture,CONTRASTS_WITH,single-atom architecture,descriptive,explicit_single_span,paper_result,dual-atom architecture–HER-activity contrast,"In addition, the Pt–Ru dimers exhibit better HER activity than Pt single atoms.","[""In addition, the Pt–Ru dimers exhibit better HER activity than Pt single atoms.""]",Pt–Ru dimers,exhibit better HER activity than,Pt single atoms,[],"[{""key"": ""reaction"", ""value"": ""hydrogen evolution reaction""}, {""key"": ""electrolyte"", ""value"": ""0.5 M H2SO4""}]","[""obs_ptru_pt_single_activity""]","[""EXPRESSES_PATTERN""]","[{""asset_ids"": [], ""document_id"": ""main"", ""document_role"": ""main"", ""locator_text"": null, ""page_id"": 5}]",1,"[""RELATION_CUE_MISMATCH""]","[{""code"": ""RELATION_CUE_MISMATCH"", ""detail"": ""Relation evidence does not lexically support CONTRASTS_WITH."", ""field"": ""relation_evidence_phrase"", ""repairable"": true}]",[],,,,,,,,,,
bd2e2639e5d53d5c31ba,Kiwook_1,b68eca2bd9b812d0,6043a1adf9014787,Kiwook_1:main:89725250d4a54308a1ed,[main] whole document,main,bridge_substrate_coordination_stabilizes_single_atoms,RelationPattern,True,REJECTED,accepted_pattern,bonding with C and N on substrates,PROMOTES,stabilization of metal single atoms,bonding with C and N on substrates,PROMOTES,stabilization of metal single atoms,causal_interpretive,explicit_single_span,background,substrate-coordination–single-atom-stability relation,previous studies showed that the metal single atoms can be stabilized by bonding with C and N on the substrates.,"[""previous studies showed that the metal single atoms can be stabilized by bonding with C and N on the substrates.""]",bonding with C and N on the substrates,can be stabilized by bonding with C and N on the substrates,the metal single atoms,[],"[{""key"": ""coordination_elements"", ""value"": ""C and N""}, {""key"": ""support_context"", ""value"": ""substrates""}]","[""mech_ptsa_coordination""]","[""EXPRESSES_PATTERN""]","[{""asset_ids"": [], ""document_id"": ""main"", ""document_role"": ""main"", ""locator_text"": null, ""page_id"": 10}]",1,"[""RELATION_CUE_MISMATCH""]","[{""code"": ""RELATION_CUE_MISMATCH"", ""detail"": ""Relation evidence does not lexically support PROMOTES."", ""field"": ""relation_evidence_phrase"", ""repairable"": true}]",[],,,,,,,,,,
282f1a1a7d941832757f,Kiwook_1,b68eca2bd9b812d0,6043a1adf9014787,Kiwook_1:main:97de4f2566007b72213c,[main] whole document,main,concept_1,RelationPattern,True,REJECTED,accepted_pattern,preferred hydrogen adsorption site,VARIES_WITH,metal-site identity,preferred hydrogen adsorption site,VARIES_WITH,metal-site identity,correlational,explicit_single_span,paper_result,metal-identity–adsorption-site preference,"As for one hydrogen atom, it prefers to adsorb on the Ru atom at the adsorption energy of −3.3 eV rather than the Pt atom (−2.5 eV).","[""As for one hydrogen atom, it prefers to adsorb on the Ru atom at the adsorption energy of −3.3 eV rather than the Pt atom (−2.5 eV).""]",it prefers to adsorb on the Ru atom,prefers to adsorb,rather than the Pt atom,[],"[{""key"": ""adsorbate"", ""value"": ""hydrogen""}, {""key"": ""reaction_context"", ""value"": ""hydrogen evolution reaction""}, {""key"": ""structural_context"", ""value"": ""heteronuclear dual-atom site""}]","[""obs_h_site""]","[""EXPRESSES_PATTERN""]","[{""asset_ids"": [], ""document_id"": ""main"", ""document_role"": ""main"", ""locator_text"": null, ""page_id"": 3}]",1,"[""RELATION_CUE_MISMATCH""]","[{""code"": ""RELATION_CUE_MISMATCH"", ""detail"": ""Relation evidence does not lexically support VARIES_WITH."", ""field"": ""relation_evidence_phrase"", ""repairable"": true}]",[],,,,,,,,,,
a2ca6b3583dbe65427e2,Kiwook_1,b68eca2bd9b812d0,6043a1adf9014787,Kiwook_1:main:97de4f2566007b72213c,[main] whole document,main,concept_2,RelationPattern,True,REJECTED,accepted_pattern,strong metal–support heteroatom interaction,PROMOTES,HER stability,strong metal–support heteroatom interaction,PROMOTES,HER stability,causal_interpretive,explicit_single_span,author_interpretation,support-heteroatom interaction–HER-stability enhancement,"Thanks to the strong interaction between Pt atoms with the N-site, both Pt–Ru dimers and Pt single atoms show better stability than the Pt/C catalysts.","[""Thanks to the strong interaction between Pt atoms with the N-site, both Pt–Ru dimers and Pt single atoms show better stability than the Pt/C catalysts.""]",the strong interaction between Pt atoms with the N-site,show better stability,better stability,[],"[{""key"": ""support_site"", ""value"": ""nitrogen site""}, {""key"": ""comparison"", ""value"": ""commercial Pt/C""}, {""key"": ""reaction_context"", ""value"": ""hydrogen evolution reaction""}]","[""mech_stability""]","[""EXPRESSES_PATTERN""]","[{""asset_ids"": [], ""document_id"": ""main"", ""document_role"": ""main"", ""locator_text"": null, ""page_id"": 3}]",1,"[""RELATION_CUE_MISMATCH""]","[{""code"": ""RELATION_CUE_MISMATCH"", ""detail"": ""Relation evidence does not lexically support PROMOTES."", ""field"": ""relation_evidence_phrase"", ""repairable"": true}]",[],,,,,,,,,,
19a8c4bdb836cbddb7b2,Kiwook_1,b68eca2bd9b812d0,6043a1adf9014787,Kiwook_1:main:97de4f2566007b72213c,[main] whole document,main,concept_3,RelationPattern,True,ACCEPTED_PATTERN,accepted_pattern,Ru metal under the stated site-availability context,SELECTS,Pt–Ru dimer formation rather than Ru–Ru dimer formation,Ru metal under the stated site-availability context,SELECTS,Pt–Ru dimer formation rather than Ru–Ru dimer formation,correlational,explicit_single_span,author_interpretation,metal-identity–dimerization-partner selection,"The adsorption energies of Ru–Ru dimer on the perfect site and Pt–Ru dimer on the N-doped site were calculated to be −1.3 and −4.87 eV, which indicates that the Ru prefers to form the Pt–Ru dimer instead of Ru–Ru dimer.","[""The adsorption energies of Ru–Ru dimer on the perfect site and Pt–Ru dimer on the N-doped site were calculated to be −1.3 and −4.87 eV, which indicates that the Ru prefers to form the Pt–Ru dimer instead of Ru–Ru dimer.""]",the Ru,prefers to form,the Pt–Ru dimer instead of Ru–Ru dimer,[],"[{""key"": ""site_availability"", ""value"": ""most N-sites occupied by Pt atoms""}, {""key"": ""support_context"", ""value"": ""N-doped site versus perfect site""}, {""key"": ""dimerization_class"", ""value"": ""heteronuclear versus homonuclear""}]","[""obs_ptru_preference""]","[""EXPRESSES_PATTERN""]","[{""asset_ids"": [], ""document_id"": ""main"", ""document_role"": ""main"", ""locator_text"": null, ""page_id"": 3}]",1,[],[],[],,,,,,,,,,
bd02046cb27bfeb5b2b0,Kiwook_1,b68eca2bd9b812d0,6043a1adf9014787,Kiwook_1:main:abbdd20424b9897295de,[main] whole document,main,concept_pt_modulates_h_ru_interaction,RelationPattern,True,ACCEPTED_PATTERN,accepted_pattern,Pt,MODULATES,H–Ru interaction,Pt,MODULATES,H–Ru interaction,causal_interpretive,explicit_single_span,author_interpretation,metal-mediated hydrogen-interaction modulation,"The inertaction between H and Ru could be modulated by the Pt through the synergetic effect, which results in the high HER activity.","[""The inertaction between H and Ru could be modulated by the Pt through the synergetic effect, which results in the high HER activity.""]",the Pt,could be modulated,The inertaction between H and Ru,[],"[{""key"": ""reaction_context"", ""value"": ""hydrogen evolution reaction""}]","[""mech_pt_ru_synergy""]","[""EXPRESSES_PATTERN""]","[{""asset_ids"": [], ""document_id"": ""main"", ""document_role"": ""main"", ""locator_text"": null, ""page_id"": 3}]",1,[],[],[],,,,,,,,,,
cce44416dd18209a4432,Kiwook_1,b68eca2bd9b812d0,6043a1adf9014787,Kiwook_1:main:abbdd20424b9897295de,[main] whole document,main,concept_adsorption_induced_electronic_transition,DynamicState,False,KEPT_FRONTIER,paper_local_frontier,,,,,,,,,paper_result,adsorption-induced metal-to-semiconductor transition,"Furthermore, the first-principles calculation reveals that the Pt–Ru dimer could be easily changed from metal to semicondutor by the adsorption, leaving unoccupied orbtials.",[],,,,[],[],"[""calc_pt_ru_dft""]","[""EXHIBITS_DYNAMIC_STATE""]","[{""asset_ids"": [], ""document_id"": ""main"", ""document_role"": ""main"", ""locator_text"": null, ""page_id"": 3}]",1,[],[],[],,,,,,,,,,
e0a14f6ab9c943f6bd24,Kiwook_1,b68eca2bd9b812d0,6043a1adf9014787,Kiwook_1:main:aed42cb2e2d2757ea88f,[main] whole document,main,frontier_synergetic_orbital_depopulation,ElectronicEffect,False,KEPT_FRONTIER,paper_local_frontier,,,,,,,,,author_interpretation,synergetic orbital depopulation during hydrogen adsorption,"Considering that dxz orbital of Ru becomes unoccupied by the synergetic effect of Pt–Ru dimer during the hydrogen adsorption, the interaction between the hydrogen and the dxz of Ru atom should be rather weak, which should be the main reason why the Pt–Ru dimer exhibits the superior HER as found in our experiment.",[],,,,[],[],"[""calc_dft_pt_ru""]","[""EXHIBITS_DYNAMIC_STATE""]","[{""asset_ids"": [], ""document_id"": ""main"", ""document_role"": ""main"", ""locator_text"": null, ""page_id"": 3}]",1,[],[],[],,,,,,,,,,
bfc0f4503b9c44fc1622,Kiwook_1,b68eca2bd9b812d0,6043a1adf9014787,Kiwook_1:main:be8868e3262b4d891d07,[main] whole document,main,concept_pt_wl_total_varies_with_sample_class,RelationPattern,True,ACCEPTED_PATTERN,accepted_pattern,total Pt white-line value,VARIES_WITH,Pt-containing sample class,total Pt white-line value,VARIES_WITH,Pt-containing sample class,correlational,derived_multi_span,paper_result,Pt white-line total varies with sample class,| Pt foil                                                                                                                                                                                                                                                                       | 11564                            | 11566.6                             | 6.36                         | 13273                     | 13276.5                | 4.1             | 0.51             | 0.19             | 0.70  |,"[""| Pt foil                                                                                                                                                                                                                                                                       | 11564                            | 11566.6                             | 6.36                         | 13273                     | 13276.5                | 4.1             | 0.51             | 0.19             | 0.70  |"", ""| Pt single atom catalysts                                                                                                                                                                                                                                                      | 11565.5                          | 11567.7                             | 7.42                         | 13273.7                   | 13276.6                | 5.9             | 0.67             | 0.27             | 0.94  |"", ""| Pt-Ru dimers                                                                                                                                                                                                                                                                  | 11565.9                          | 11567.9                             | 8.13                         | 13273.6                   | 13276.7                | 7.9             | 0.72             | 0.37             | 1.09  |""]",,,,"[{""object_value"": ""Pt foil"", ""source_phrase"": ""| Pt foil                                                                                                                                                                                                                                                                       | 11564                            | 11566.6                             | 6.36                         | 13273                     | 13276.5                | 4.1             | 0.51             | 0.19             | 0.70  |"", ""subject_value"": ""0.70""}, {""object_value"": ""Pt single atom catalysts"", ""source_phrase"": ""| Pt single atom catalysts                                                                                                                                                                                                                                                      | 11565.5                          | 11567.7                             | 7.42                         | 13273.7                   | 13276.6                | 5.9             | 0.67             | 0.27             | 0.94  |"", ""subject_value"": ""0.94""}, {""object_value"": ""Pt-Ru dimers"", ""source_phrase"": ""| Pt-Ru dimers                                                                                                                                                                                                                                                                  | 11565.9                          | 11567.9                             | 8.13                         | 13273.6                   | 13276.7                | 7.9             | 0.72             | 0.37             | 1.09  |"", ""subject_value"": ""1.09""}]","[{""key"": ""measurement_type"", ""value"": ""Pt L3/L2-edge XANES white-line total""}]","[""group_wl_total""]","[""EXPRESSES_PATTERN""]","[{""asset_ids"": [], ""document_id"": ""main"", ""document_role"": ""main"", ""locator_text"": null, ""page_id"": null}]",1,[],[],[],,,,,,,,,,
ecb4ce497344d802c715,Kiwook_1,b68eca2bd9b812d0,6043a1adf9014787,Kiwook_1:main:e4d1f78d21d5eeeda86c,[main] whole document,main,concept_selective_ru_deposition_on_pt,RelationPattern,True,ACCEPTED_PATTERN,accepted_pattern,Ru deposition,SELECTS,Pt sites,Ru deposition,SELECTS,Pt sites,descriptive,explicit_single_span,author_interpretation,selective deposition of Ru on Pt,These results also directly demonstrate the selective deposition of Ru on Pt and the formation of dimer structures.,"[""These results also directly demonstrate the selective deposition of Ru on Pt and the formation of dimer structures.""]",selective deposition of Ru,selective deposition of,on Pt,[],"[{""key"": ""process"", ""value"": ""atomic layer deposition""}, {""key"": ""outcome"", ""value"": ""dimer formation""}]","[""obs_selective_ru_deposition""]","[""EXPRESSES_PATTERN""]","[{""asset_ids"": [""Kiwook_1:main:asset:0a647cc4cd7744b8""], ""document_id"": ""main"", ""document_role"": ""main"", ""locator_text"": ""Fig. 2g"", ""page_id"": 3}]",1,[],[],[],,,,,,,,,,
c4e9896ac8d1c5db7272,Kiwook_1,b68eca2bd9b812d0,6043a1adf9014787,Kiwook_1:main:e4d1f78d21d5eeeda86c,[main] whole document,main,concept_ru_loading_varies_with_pt_loading,RelationPattern,True,REJECTED,accepted_pattern,Ru loading,VARIES_WITH,Pt loading,Ru loading,VARIES_WITH,Pt loading,correlational,explicit_single_span,paper_result,Ru loading–Pt loading correlation,"Upon deposition of Ru on these three samples with different Pt loading at 270 °C, the Ru loadings was systematically reduced from 0.31% to 0.23 and 0.14 wt% (Fig. [2g](#page-3-0)).","[""Upon deposition of Ru on these three samples with different Pt loading at 270 °C, the Ru loadings was systematically reduced from 0.31% to 0.23 and 0.14 wt% (Fig. [2g](#page-3-0)).""]",the Ru loadings was systematically reduced,systematically reduced,samples with different Pt loading,[],"[{""key"": ""deposition_condition"", ""value"": ""Ru deposited at 270 °C""}, {""key"": ""support"", ""value"": ""NCNT""}]","[""obs_selective_ru_deposition""]","[""EXPRESSES_PATTERN""]","[{""asset_ids"": [""Kiwook_1:main:asset:0a647cc4cd7744b8""], ""document_id"": ""main"", ""document_role"": ""main"", ""locator_text"": ""Fig. 2g"", ""page_id"": 3}]",1,"[""RELATION_CUE_MISMATCH""]","[{""code"": ""RELATION_CUE_MISMATCH"", ""detail"": ""Relation evidence does not lexically support VARIES_WITH."", ""field"": ""relation_evidence_phrase"", ""repairable"": true}]",[],,,,,,,,,,
39bf115629a5d537bcc8,Kiwook_1,b68eca2bd9b812d0,6043a1adf9014787,Kiwook_1:main:f700ac333565d204c1fb,[main] whole document,main,bridge_electronic_structure_modulation_her_activity,RelationPattern,True,ACCEPTED_PATTERN,accepted_pattern,electronic-structure modulation,PROMOTES,hydrogen evolution activity,electronic-structure modulation,PROMOTES,hydrogen evolution activity,causal_interpretive,explicit_single_span,author_interpretation,electronic-structure modulation–HER activity enhancement relation,"First principle calculations reveal that the Pt-Ru dimer generates a synergy effect by modulating the electronic structure, which results in the enhanced hydrogen evolution activity.","[""First principle calculations reveal that the Pt-Ru dimer generates a synergy effect by modulating the electronic structure, which results in the enhanced hydrogen evolution activity.""]",modulating the electronic structure,which results in,enhanced hydrogen evolution activity,[],"[{""key"": ""reaction"", ""value"": ""hydrogen evolution reaction""}, {""key"": ""architecture"", ""value"": ""dual-metal dimer""}]","[""mech_pt_ru_synergy""]","[""EXPRESSES_PATTERN""]","[{""asset_ids"": [], ""document_id"": ""main"", ""document_role"": ""main"", ""locator_text"": null, ""page_id"": 9}]",1,[],[],[],,,,,,,,,,
f476d8f67c0a3c659caa,Kiwook_1,b68eca2bd9b812d0,6043a1adf9014787,Kiwook_1:main:f87df6adc7ad1e0676e2,[main] whole document,main,pattern_heteronuclear_vs_homonuclear_adsorption,RelationPattern,True,REJECTED,accepted_pattern,Pt–Ru dimer hydrogen adsorption behavior,CONTRASTS_WITH,Pt–Pt dimer hydrogen adsorption behavior,Pt–Ru dimer hydrogen adsorption behavior,CONTRASTS_WITH,Pt–Pt dimer hydrogen adsorption behavior,descriptive,explicit_single_span,paper_result,heteronuclear-dimer adsorption behavior contrast,"Meanwhile, the calculated ΔGH of Pt–Pt dimer is about −0.14 eV (Supplementary Fig. 18), which is quite close to that the bulk one, inferior to that of Pt–Ru as well.","[""Meanwhile, the calculated ΔGH of Pt–Pt dimer is about −0.14 eV (Supplementary Fig. 18), which is quite close to that the bulk one, inferior to that of Pt–Ru as well.""]",Pt–Ru,inferior to,Pt–Pt dimer,[],"[{""key"": ""reaction_context"", ""value"": ""hydrogen evolution reaction""}]","[""obs_pt_ru_adsorption""]","[""EXPRESSES_PATTERN""]","[{""asset_ids"": [""Kiwook_1:main:asset:ab7273bc12242b48""], ""document_id"": ""main"", ""document_role"": ""main"", ""locator_text"": ""hydrogen adsorption calculation discussion"", ""page_id"": 6}]",1,"[""RELATION_CUE_MISMATCH""]","[{""code"": ""RELATION_CUE_MISMATCH"", ""detail"": ""Relation evidence does not lexically support CONTRASTS_WITH."", ""field"": ""relation_evidence_phrase"", ""repairable"": true}]",[],,,,,,,,,,
bc162bef24dc6ec858d9,Kiwook_1,b68eca2bd9b812d0,6043a1adf9014787,Kiwook_1:main:f87df6adc7ad1e0676e2,[main] whole document,main,frontier_ru_high_coverage_detachment,Phenomenon,False,KEPT_FRONTIER,paper_local_frontier,,,,,,,,,author_interpretation,high-coverage Ru-site hydrogen detachment,"The Ru atom exhibits the low ΔGH of 0.01 eV through the pathway of Pt (3H)Ru(3H) → Pt(3H)Ru(2H), which clearly indicates that the hydrogen atom becomes easy to detach from Ru when the maximum coverage of 6H is reached.",[],,,,[],[],"[""mech_h_detachment_ru""]","[""INVOLVES_PHENOMENON""]","[{""asset_ids"": [""Kiwook_1:main:asset:ab7273bc12242b48""], ""document_id"": ""main"", ""document_role"": ""main"", ""locator_text"": ""Fig. 5 hydrogen adsorption pathway"", ""page_id"": 6}]",1,[],[],[],,,,,,,,,,
72a86163fc1af4c4891c,Kiwook_1,b68eca2bd9b812d0,6043a1adf9014787,Kiwook_1:si1:5c4d7e51f8d85dbc3136,Supplementary Fig 1,si1,bp_mass_activity_catalyst_architecture,RelationPattern,True,ACCEPTED_PATTERN,accepted_pattern,HER mass activity,VARIES_WITH,catalyst architecture,HER mass activity,VARIES_WITH,catalyst architecture,correlational,derived_multi_span,paper_result,HER mass activity varies with catalyst architecture,| Catalyst Pt-Ru dimer | Overpotential /mV 50 | Mass activity / A mg -1 23.1 | Supplementary References Our work |,"[""| Catalyst Pt-Ru dimer | Overpotential /mV 50 | Mass activity / A mg -1 23.1 | Supplementary References Our work |"", ""| ALD50Pt/NGNs         | 50                   | 10.1                         | 1                                 |"", ""| Pt SASs/AG           | 50                   | 22.4                         | 9                                 |""]",,,,"[{""object_value"": ""dual-atom catalyst architecture"", ""source_phrase"": ""| Catalyst Pt-Ru dimer | Overpotential /mV 50 | Mass activity / A mg -1 23.1 | Supplementary References Our work |"", ""subject_value"": ""Pt-Ru dimer""}, {""object_value"": ""ALD50Pt/NGNs architecture"", ""source_phrase"": ""| ALD50Pt/NGNs         | 50                   | 10.1                         | 1                                 |"", ""subject_value"": ""10.1 A mg -1""}, {""object_value"": ""Pt SASs/AG architecture"", ""source_phrase"": ""| Pt SASs/AG           | 50                   | 22.4                         | 9                                 |"", ""subject_value"": ""22.4 A mg -1""}]","[{""key"": ""reaction"", ""value"": ""hydrogen evolution reaction""}, {""key"": ""comparison_condition"", ""value"": ""overpotential of 50 mV""}]","[""exp_her_performance_comparison""]","[""EXPRESSES_PATTERN""]","[{""asset_ids"": [], ""document_id"": ""si1"", ""document_role"": ""supporting_information"", ""locator_text"": ""HER performance comparison table"", ""page_id"": null}]",1,[],[],[],,,,,,,,,,
d166d1c4eaae0f4ccacb,Kiwook_2,0d53689bf967d1c5,c8cd9196f1e2471c,Kiwook_2:main:0810ee1ff1fe164ae47d,[main] whole document,main,bridge_coordination_robustness_stability,RelationPattern,True,REJECTED,accepted_pattern,robust coordination configuration with strong metal–oxygen bonds,PROMOTES,physicochemical stability,robust coordination configuration with strong metal–oxygen bonds,PROMOTES,physicochemical stability,causal_interpretive,explicit_single_span,author_interpretation,robust coordination configuration–stability promotion,"The excellent physicochemical stability can be attributed to the robust W—O—Mo—O—C configuration with strong W—O and Mo—O bonds inherited from the W- and Mo-based POMs, respectively.","[""The excellent physicochemical stability can be attributed to the robust W—O—Mo—O—C configuration with strong W—O and Mo—O bonds inherited from the W- and Mo-based POMs, respectively.""]",robust W—O—Mo—O—C configuration with strong W—O and Mo—O bonds,can be attributed to,excellent physicochemical stability,[],"[{""key"": ""support_context"", ""value"": ""carbon-supported heteronuclear dual-atom catalyst""}, {""key"": ""bonding_context"", ""value"": ""strong metal–oxygen bonds""}]","[""mech_w1mo1_robust_configuration""]","[""EXPRESSES_PATTERN""]","[{""asset_ids"": [], ""document_id"": ""main"", ""document_role"": ""main"", ""locator_text"": null, ""page_id"": 7}]",1,"[""RELATION_CUE_MISMATCH""]","[{""code"": ""RELATION_CUE_MISMATCH"", ""detail"": ""Relation evidence does not lexically support PROMOTES."", ""field"": ""relation_evidence_phrase"", ""repairable"": true}]",[],,,,,,,,,,
8026b15b26bb57e48c60,Kiwook_2,0d53689bf967d1c5,c8cd9196f1e2471c,Kiwook_2:main:08a716408520c82065ee,[main] whole document,main,concept_ov_surface_area_correlation,RelationPattern,True,ACCEPTED_PATTERN,accepted_pattern,oxygen-vacancy concentration,CORRELATES_WITH,specific surface area,oxygen-vacancy concentration,CORRELATES_WITH,specific surface area,correlational,explicit_single_span,author_interpretation,oxygen-vacancy–surface-area correlation,the concentration of O<sub>v</sub> may be positively correlated with the specific surface area.,"[""the concentration of O<sub>v</sub> may be positively correlated with the specific surface area.""]",the concentration of O<sub>v</sub>,may be positively correlated with,the specific surface area,[],[],"[""obs_ov_concentration""]","[""EXPRESSES_PATTERN""]","[{""asset_ids"": [""Kiwook_2:main:asset:5e6f032db86f1d97""], ""document_id"": ""main"", ""document_role"": ""main"", ""locator_text"": ""Fig. 3 compositional characterization"", ""page_id"": 4}]",1,[],[],[],,,,,,,,,,
9cf9738520328ecff16c,Kiwook_2,0d53689bf967d1c5,c8cd9196f1e2471c,Kiwook_2:main:0a0184c71b09a6010f80,[main] whole document,main,bridge_WMo_ratio_electronic_modulation,RelationPattern,True,ACCEPTED_PATTERN,accepted_pattern,W/Mo ratio,MODULATES,local electronic structure of heterodimers,W/Mo ratio,MODULATES,local electronic structure of heterodimers,causal_interpretive,explicit_single_span,author_interpretation,metal-ratio-dependent local electronic-structure modulation,"As a result, the local electronic structure of W-Mo heterodimers can be effectively modulated via adjusting the ratio of W/Mo.","[""As a result, the local electronic structure of W-Mo heterodimers can be effectively modulated via adjusting the ratio of W/Mo.""]",ratio of W/Mo,can be effectively modulated via,the local electronic structure of W-Mo heterodimers,[],"[{""key"": ""system_context"", ""value"": ""W-Mo heterodimers""}, {""key"": ""evidence_context"", ""value"": ""metal-ratio-dependent electron transfer""}]","[""mech_WMo_electronic_modulation""]","[""EXPRESSES_PATTERN""]","[{""asset_ids"": [""Kiwook_2:main:asset:5e6f032db86f1d97""], ""document_id"": ""main"", ""document_role"": ""main"", ""locator_text"": null, ""page_id"": 4}]",1,[],[],[],,,,,,,,,,
a48f91dd1bb22a41a045,Kiwook_2,0d53689bf967d1c5,c8cd9196f1e2471c,Kiwook_2:main:0a1a15b81240ecfab3f8,[main] whole document,main,bp_delocalized_configuration_her_kinetics,RelationPattern,True,ACCEPTED_PATTERN,accepted_pattern,electron-delocalized coordination configuration,PROMOTES,HER reaction kinetics,electron-delocalized coordination configuration,PROMOTES,HER reaction kinetics,causal_interpretive,explicit_single_span,author_interpretation,electron-delocalized coordination configuration–HER kinetics relationship,"As a result, the distinctive W—O—Mo—O—C configuration with delocalized electrons ensures the optimal  $\Delta G_H$  and enhances reaction kinetics, thereby improving the HER activity in pH-universal electrolyte.","[""As a result, the distinctive W—O—Mo—O—C configuration with delocalized electrons ensures the optimal  $\\Delta G_H$  and enhances reaction kinetics, thereby improving the HER activity in pH-universal electrolyte.""]",the distinctive W—O—Mo—O—C configuration with delocalized electrons,enhances reaction kinetics,reaction kinetics,[],"[{""key"": ""electrolyte"", ""value"": ""pH-universal electrolyte""}]","[""mech_w1mo1_kinetics""]","[""EXPRESSES_PATTERN""]","[{""asset_ids"": [""Kiwook_2:main:asset:77c20a59c0234b29""], ""document_id"": ""main"", ""document_role"": ""main"", ""locator_text"": null, ""page_id"": 10}]",1,[],[],[],,,,,,,,,,
106753a01b576d523525,Kiwook_2,0d53689bf967d1c5,c8cd9196f1e2471c,Kiwook_2:main:0a1a15b81240ecfab3f8,[main] whole document,main,bp_antibonding_state_hydrogen_interaction,RelationPattern,True,REJECTED,accepted_pattern,antibonding-state energy,CORRELATES_WITH,hydrogen interaction strength,antibonding-state energy,CORRELATES_WITH,hydrogen interaction strength,correlational,explicit_single_span,author_interpretation,antibonding-state energy–hydrogen interaction correlation,"The antibonding states of Mo<sub>2</sub>-NG system (1.67 eV) move to higher energy level compared to W<sub>1</sub>Mo<sub>1</sub>-NG system (0.50 eV), indicating strong interaction with hydrogen (40), which corresponds to the excessive adsorption strength of Mo<sub>2</sub>-NG ( $\Delta G_H = -3.172$  eV).","[""The antibonding states of Mo<sub>2</sub>-NG system (1.67 eV) move to higher energy level compared to W<sub>1</sub>Mo<sub>1</sub>-NG system (0.50 eV), indicating strong interaction with hydrogen (40), which corresponds to the excessive adsorption strength of Mo<sub>2</sub>-NG ( $\\Delta G_H = -3.172$  eV).""]",The antibonding states of Mo<sub>2</sub>-NG system (1.67 eV) move to higher energy level compared to W<sub>1</sub>Mo<sub>1</sub>-NG system (0.50 eV),indicating strong interaction with hydrogen,strong interaction with hydrogen,[],"[{""key"": ""adsorption_regime"", ""value"": ""excessive hydrogen adsorption""}]","[""mech_pcohp_hydrogen_interaction""]","[""EXPRESSES_PATTERN""]","[{""asset_ids"": [""Kiwook_2:main:asset:77c20a59c0234b29""], ""document_id"": ""main"", ""document_role"": ""main"", ""locator_text"": null, ""page_id"": 10}]",1,"[""RELATION_CUE_MISMATCH""]","[{""code"": ""RELATION_CUE_MISMATCH"", ""detail"": ""Relation evidence does not lexically support CORRELATES_WITH."", ""field"": ""relation_evidence_phrase"", ""repairable"": true}]",[],,,,,,,,,,
9c2bcf69ef7ea9557855,Kiwook_2,0d53689bf967d1c5,c8cd9196f1e2471c,Kiwook_2:main:0a1a15b81240ecfab3f8,[main] whole document,main,fl_electron_cloud_redistribution_delocalization,ElectronicEffect,False,KEPT_FRONTIER,paper_local_frontier,,,,,,,,,author_interpretation,electron-cloud redistribution and delocalization,"In W<sub>1</sub>Mo<sub>1</sub>-NG system, the overlap of the electron clouds between W site and O site deforms the electron cloud of Mo site, and vice versa, which could cause distortion of the structure and electron redistribution, resulting in the electron delocalization of the W—O—Mo—O—C configuration (39).",[],,,,[],[],"[""mech_w1mo1_delocalization""]","[""INVOLVES_PHENOMENON""]","[{""asset_ids"": [""Kiwook_2:main:asset:77c20a59c0234b29""], ""document_id"": ""main"", ""document_role"": ""main"", ""locator_text"": null, ""page_id"": 10}]",1,[],[],[],,,,,,,,,,
6f4bde8cf53b5b8bc46e,Kiwook_2,0d53689bf967d1c5,c8cd9196f1e2471c,Kiwook_2:main:1a06d735c8916f9ec5c6,[main] whole document,main,concept_high_oxidation_state_assignment,ElectronicEffect,False,KEPT_FRONTIER,paper_local_frontier,,,,,,,,,paper_result,high-oxidation-state assignment from core-level XPS,"The Mo 3d XPS of  $W_1Mo_1$ -NG shows two peaks at 235.6 and 232.4 eV (Fig. 3E), corresponding to Mo  $3d_{3/2}$  and Mo  $3d_{5/2}$  core energy levels, respectively, validating the presence of Mo(VI) (20).",[],,,,[],[],"[""meas_mo_oxidation_state""]","[""INVOLVES_PHENOMENON""]","[{""asset_ids"": [""Kiwook_2:main:asset:5e6f032db86f1d97""], ""document_id"": ""main"", ""document_role"": ""main"", ""locator_text"": ""XPS characterization"", ""page_id"": 4}]",1,[],[],[],,,,,,,,,,
4bec9410eafb8e0b4b9e,Kiwook_2,0d53689bf967d1c5,c8cd9196f1e2471c,Kiwook_2:main:1bf7a29b636a6bb5c4e8,[main] whole document,main,concept_electron_delocalization_promotes_her_activity,RelationPattern,True,ACCEPTED_PATTERN,accepted_pattern,electron delocalization in an O-bridged dual-atom coordination configuration,PROMOTES,intrinsic HER activity,electron delocalization in an O-bridged dual-atom coordination configuration,PROMOTES,intrinsic HER activity,causal_interpretive,explicit_single_span,author_interpretation,electron-delocalization–HER-activity promotion,"The electron delocalization of W—O—Mo—O—C configuration provides optimal adsorption strength of H and boosts the HER kinetics, thereby notably promoting the intrinsic activity.","[""The electron delocalization of W—O—Mo—O—C configuration provides optimal adsorption strength of H and boosts the HER kinetics, thereby notably promoting the intrinsic activity.""]",The electron delocalization of W—O—Mo—O—C configuration,thereby notably promoting,the intrinsic activity,[],"[{""key"": ""reaction"", ""value"": ""hydrogen evolution reaction""}, {""key"": ""adsorbate"", ""value"": ""H""}]","[""motif_w_o_mo_o_c""]","[""EXPRESSES_PATTERN""]","[{""asset_ids"": [], ""document_id"": ""main"", ""document_role"": ""main"", ""locator_text"": null, ""page_id"": null}]",1,[],[],[],,,,,,,,,,
fff9cd58fde23b991a31,Kiwook_2,0d53689bf967d1c5,c8cd9196f1e2471c,Kiwook_2:main:2566cdb18384f4d652fa,[main] whole document,main,bridge_electron_delocalization_h_adsorption,RelationPattern,True,ACCEPTED_PATTERN,accepted_pattern,electron delocalization in an oxygen-coordinated heteronuclear dual-atom site,PROMOTES,favorable hydrogen adsorption behavior,electron delocalization in an oxygen-coordinated heteronuclear dual-atom site,PROMOTES,favorable hydrogen adsorption behavior,causal_interpretive,explicit_single_span,author_interpretation,electron-delocalization–hydrogen-adsorption enhancement,"The electron delocalization of O-coordinated W-Mo heterodimer results in a favorable adsorption behavior of H and improved HER kinetics, ultimately enhancing the intrinsic activity.","[""The electron delocalization of O-coordinated W-Mo heterodimer results in a favorable adsorption behavior of H and improved HER kinetics, ultimately enhancing the intrinsic activity.""]",electron delocalization of O-coordinated W-Mo heterodimer,results in,a favorable adsorption behavior of H,[],"[{""key"": ""reaction"", ""value"": ""hydrogen evolution reaction""}, {""key"": ""coordination_environment"", ""value"": ""O-coordinated heteronuclear dual-atom site""}]","[""cat_w1mo1_ng""]","[""EXPRESSES_PATTERN""]","[{""asset_ids"": [], ""document_id"": ""main"", ""document_role"": ""main"", ""locator_text"": ""W1Mo1-NG DAC"", ""page_id"": null}]",1,[],[],[],,,,,,,,,,
736f50dddd7a9d76fffb,Kiwook_2,0d53689bf967d1c5,c8cd9196f1e2471c,Kiwook_2:main:292432fc851f84456040,[main] whole document,main,concept_surface_recombination_rate_limitation,DynamicState,False,KEPT_FRONTIER,paper_local_frontier,,,,,,,,,author_interpretation,Volmer–Tafel surface-recombination rate limitation,reflecting that W1Mo1- NG has highest HER kinetic process through the Volmer-Tafel mechanism and the surface recombination step is the rate-limiting step,[],,,,[],[],"[""mech_volmer_tafel""]","[""EXHIBITS_DYNAMIC_STATE""]","[{""asset_ids"": [], ""document_id"": ""main"", ""document_role"": ""main"", ""locator_text"": null, ""page_id"": 7}]",1,[],[],[],,,,,,,,,,
6fb46eaedba84e24b962,Kiwook_2,0d53689bf967d1c5,c8cd9196f1e2471c,Kiwook_2:main:3a476d4627a0350a8b17,[main] whole document,main,bp_structural_asymmetry_suppresses_aggregation,RelationPattern,True,ACCEPTED_PATTERN,accepted_pattern,support–precursor structural asymmetry,SUPPRESSES,precursor aggregation into block materials,support–precursor structural asymmetry,SUPPRESSES,precursor aggregation into block materials,causal_interpretive,explicit_single_span,author_interpretation,support structural asymmetry–precursor aggregation suppression,"The successful synthesis of  $\text{W}_1\text{Mo}_1\text{-NG DAC}$  is contributed to the structural asymmetry between the protonated p-RGO sheets and metal precursors in mild acidic solution, in which protonated p-RGO sheets working as counterion inhibit  $\text{WO}_4^{2-}$  and  $\text{MoO}_4^{2-}$  fragments aggregating into block materials (19).","[""The successful synthesis of  $\\text{W}_1\\text{Mo}_1\\text{-NG DAC}$  is contributed to the structural asymmetry between the protonated p-RGO sheets and metal precursors in mild acidic solution, in which protonated p-RGO sheets working as counterion inhibit  $\\text{WO}_4^{2-}$  and  $\\text{MoO}_4^{2-}$  fragments aggregating into block materials (19).""]",the structural asymmetry between the protonated p-RGO sheets and metal precursors,inhibit,$\text{WO}_4^{2-}$  and  $\text{MoO}_4^{2-}$  fragments aggregating into block materials,[],"[{""key"": ""solution_condition"", ""value"": ""mild acidic solution""}, {""key"": ""support_state"", ""value"": ""protonated p-RGO sheets""}]","[""mech_anti_aggregation""]","[""EXPRESSES_PATTERN""]","[{""asset_ids"": [], ""document_id"": ""main"", ""document_role"": ""main"", ""locator_text"": null, ""page_id"": null}]",1,[],[],[],,,,,,,,,,
64cdd99a6cdb21f48d6e,Kiwook_2,0d53689bf967d1c5,c8cd9196f1e2471c,Kiwook_2:main:3a476d4627a0350a8b17,[main] whole document,main,bp_pom_strategy_extensibility,RelationPattern,True,ACCEPTED_PATTERN,accepted_pattern,general synthetic strategy of heteronuclear DAC,SUGGESTS_DESIGN_RULE,extension to other POM systems for atomically dispersed catalyst development,general synthetic strategy of heteronuclear DAC,SUGGESTS_DESIGN_RULE,extension to other POM systems for atomically dispersed catalyst development,causal_interpretive,explicit_single_span,author_interpretation,POM self-assembly strategy–heteronuclear DAC design extensibility,"The general synthetic strategy of heteronuclear DAC can also be extended to other POM systems, such as vanadium, niobium, and tantalum, which provides an alternative way to develop atomically dispersed catalysts with higher complexity.","[""The general synthetic strategy of heteronuclear DAC can also be extended to other POM systems, such as vanadium, niobium, and tantalum, which provides an alternative way to develop atomically dispersed catalysts with higher complexity.""]",The general synthetic strategy of heteronuclear DAC,can also be extended,"other POM systems, such as vanadium, niobium, and tantalum, which provides an alternative way to develop atomically dispersed catalysts with higher complexity",[],"[{""key"": ""system_family"", ""value"": ""polyoxometalate systems""}]","[""synth_pom_selfassembly""]","[""EXPRESSES_PATTERN""]","[{""asset_ids"": [], ""document_id"": ""main"", ""document_role"": ""main"", ""locator_text"": null, ""page_id"": null}]",1,[],[],[],,,,,,,,,,
61f875ef29bc969fb665,Kiwook_2,0d53689bf967d1c5,c8cd9196f1e2471c,Kiwook_2:main:3a476d4627a0350a8b17,[main] whole document,main,fl_electrostatic_heterodimer_capture,InterfacialEffect,False,KEPT_FRONTIER,paper_local_frontier,,,,,,,,,author_interpretation,electrostatic capture of heterodimers by protonated support,"Because of the intensive coupling of negatively charged W-Mo dimer anions and positively charged protonated p-RGO sheets, the O-coordinated W-Mo heterodimers could be electrostatically attracted onto the p-RGO sheets without any additives.",[],,,,[],[],"[""support_p_rgo""]","[""DESCRIBES_INTERFACE""]","[{""asset_ids"": [], ""document_id"": ""main"", ""document_role"": ""main"", ""locator_text"": null, ""page_id"": null}]",1,[],[],[],,,,,,,,,,
946f915fb9b30fcb6016,Kiwook_2,0d53689bf967d1c5,c8cd9196f1e2471c,Kiwook_2:main:4085f8e181e8e2b4b7f8,[main] whole document,main,bp_1,RelationPattern,True,REJECTED,accepted_pattern,heteronuclear dual-atom architecture,CONTRASTS_WITH,homonuclear dual-atom architectures,heteronuclear dual-atom architecture,CONTRASTS_WITH,homonuclear dual-atom architectures,correlational,explicit_single_span,paper_result,heteronuclear-versus-homonuclear catalytic-performance contrast,The results indicate that heteronuclear  $\text{W}_1\text{Mo}_1\text{-NG}$  system delivers prominent catalytic hydrogen production capacity compared to homonuclear  $\text{Mo}_2\text{-NG}$  and  $\text{W}_2\text{-NG}$ .,"[""The results indicate that heteronuclear  $\\text{W}_1\\text{Mo}_1\\text{-NG}$  system delivers prominent catalytic hydrogen production capacity compared to homonuclear  $\\text{Mo}_2\\text{-NG}$  and  $\\text{W}_2\\text{-NG}$ .""]",heteronuclear  $\text{W}_1\text{Mo}_1\text{-NG}$  system,compared to,homonuclear  $\text{Mo}_2\text{-NG}$  and  $\text{W}_2\text{-NG}$,[],"[{""key"": ""reaction"", ""value"": ""hydrogen evolution""}, {""key"": ""electrolyte"", ""value"": ""acidic and alkaline""}]","[""obs_tof_comparison""]","[""EXPRESSES_PATTERN""]","[{""asset_ids"": [""Kiwook_2:main:asset:82cf76eb4e1ace73""], ""document_id"": ""main"", ""document_role"": ""main"", ""locator_text"": ""Fig. 5G"", ""page_id"": 7}]",1,"[""RELATION_CUE_MISMATCH""]","[{""code"": ""RELATION_CUE_MISMATCH"", ""detail"": ""Relation evidence does not lexically support CONTRASTS_WITH."", ""field"": ""relation_evidence_phrase"", ""repairable"": true}]",[],,,,,,,,,,
9d55510429756fcf562e,Kiwook_2,0d53689bf967d1c5,c8cd9196f1e2471c,Kiwook_2:main:4085f8e181e8e2b4b7f8,[main] whole document,main,bp_2,RelationPattern,True,REJECTED,accepted_pattern,distinctive dual-atom coordination configuration,MODULATES,electron transfer from catalyst surface to adsorbed species,distinctive dual-atom coordination configuration,MODULATES,electron transfer from catalyst surface to adsorbed species,causal_interpretive,explicit_single_span,author_interpretation,coordination-configuration modulation of interfacial electron transfer,"This superior catalytic performance is related to the distinctive W—O—Mo—O—C configuration, which provides a unique electronic structure and improves electrical conductivity, notably affecting on the electron transfer from the catalyst surface to adsorbed species (35).","[""This superior catalytic performance is related to the distinctive W—O—Mo—O—C configuration, which provides a unique electronic structure and improves electrical conductivity, notably affecting on the electron transfer from the catalyst surface to adsorbed species (35).""]",the distinctive W—O—Mo—O—C configuration,notably affecting on,the electron transfer from the catalyst surface to adsorbed species,[],"[{""key"": ""context"", ""value"": ""hydrogen evolution electrocatalysis""}]","[""mech_w1mo1_performance"", ""motif_w_o_mo_o_c""]","[""EXPRESSES_PATTERN""]","[{""asset_ids"": [], ""document_id"": ""main"", ""document_role"": ""main"", ""locator_text"": null, ""page_id"": 7}, {""asset_ids"": [], ""document_id"": ""main"", ""document_role"": ""main"", ""locator_text"": null, ""page_id"": 7}]",2,"[""RELATION_CUE_MISMATCH""]","[{""code"": ""RELATION_CUE_MISMATCH"", ""detail"": ""Relation evidence does not lexically support MODULATES."", ""field"": ""relation_evidence_phrase"", ""repairable"": true}]",[],,,,,,,,,,
6470ec47eea56d7bcbce,Kiwook_2,0d53689bf967d1c5,c8cd9196f1e2471c,Kiwook_2:main:42fb715a6421357ffec3,[main] whole document,main,pattern_coordination_number_composition,RelationPattern,True,ACCEPTED_PATTERN,accepted_pattern,second-shell W-O/N coordination number,VARIES_WITH,dual-atom composition,second-shell W-O/N coordination number,CONTRASTS_WITH,dual-atom composition,correlational,explicit_single_span,paper_result,second-shell coordination-number variation with dual-atom composition,"Note that the local coordination of Mo atom in  $Mo_2$ -NG resembles that of  $W_1Mo_1$ -NG, suggesting similar local environment around the Mo center, while for  $W_2$ -NG, the CN of the W—O/N path (second shell) is 2.3, which is higher than that of  $W_1Mo_1$ -NG (1.7).","[""Note that the local coordination of Mo atom in  $Mo_2$ -NG resembles that of  $W_1Mo_1$ -NG, suggesting similar local environment around the Mo center, while for  $W_2$ -NG, the CN of the W—O/N path (second shell) is 2.3, which is higher than that of  $W_1Mo_1$ -NG (1.7).""]",the CN of the W—O/N path (second shell),"is 2.3, which is higher than that of", $W_1Mo_1$ -NG,[],"[{""key"": ""coordination_shell"", ""value"": ""second shell""}, {""key"": ""support_family"", ""value"": ""nitrogen-doped graphene""}]","[""obs_w2_higher_cn""]","[""EXPRESSES_PATTERN""]","[{""asset_ids"": [""Kiwook_2:main:asset:c3e3d577ccd22fa0""], ""document_id"": ""main"", ""document_role"": ""main"", ""locator_text"": null, ""page_id"": 6}]",1,[],[],"[""PAIRWISE_COMPARISON_TO_CONTRAST""]",,,,,,,,,,
b97ec95672dc8a2d176c,Kiwook_2,0d53689bf967d1c5,c8cd9196f1e2471c,Kiwook_2:main:438871590102e2667822,[main] whole document,main,concept_atomic_distribution_of_supported_metal_atoms,Phenomenon,False,KEPT_FRONTIER,paper_local_frontier,,,,,,,,,paper_result,atomic distribution of supported metal atoms,indicating that W atoms within  $W_1Mo_1$ -NG and  $W_2$ -NG are atomically distributed,[],,,,[],[],"[""obs_atomically_distributed_w""]","[""INVOLVES_PHENOMENON""]","[{""asset_ids"": [""Kiwook_2:main:asset:c3e3d577ccd22fa0""], ""document_id"": ""main"", ""document_role"": ""main"", ""locator_text"": null, ""page_id"": 6}]",1,[],[],[],,,,,,,,,,
9e8559f248bb8c284f76,Kiwook_2,0d53689bf967d1c5,c8cd9196f1e2471c,Kiwook_2:main:4b679c47626efc81f16c,[main] whole document,main,bp_foreign_metal_doping_electron_transport,RelationPattern,True,ACCEPTED_PATTERN,accepted_pattern,foreign metal atom doping,PROMOTES,electron transport at the electrode/electrolyte interface,foreign metal atom doping,PROMOTES,electron transport at the electrode/electrolyte interface,causal_interpretive,explicit_single_span,author_interpretation,foreign-metal-doping–electron-transport promotion,"The $\text{Mo}_2\text{-NG}$ and $\text{W}_2\text{-NG}$ both exhibit lower $R_{\text{ct}}$ than that of raw NG, indicating that the foreign metal atoms doping facilitate electron transport at the electrode/electrolyte interface.","[""The $\\text{Mo}_2\\text{-NG}$ and $\\text{W}_2\\text{-NG}$ both exhibit lower $R_{\\text{ct}}$ than that of raw NG, indicating that the foreign metal atoms doping facilitate electron transport at the electrode/electrolyte interface.""]",the foreign metal atoms doping,facilitate,electron transport at the electrode/electrolyte interface,[],"[{""key"": ""interface"", ""value"": ""electrode/electrolyte interface""}]","[""mech_doping_transport""]","[""EXPRESSES_PATTERN""]","[{""asset_ids"": [], ""document_id"": ""main"", ""document_role"": ""main"", ""locator_text"": null, ""page_id"": null}]",1,[],[],[],,,,,,,,,,
e055aeb87e4c06c99555,Kiwook_2,0d53689bf967d1c5,c8cd9196f1e2471c,Kiwook_2:main:4b679c47626efc81f16c,[main] whole document,main,bp_local_electronic_structure_her_performance,RelationPattern,True,REJECTED,accepted_pattern,favorable local electronic structure in a heterobimetallic oxide-carbon moiety,PROMOTES,HER performance,favorable local electronic structure in a heterobimetallic oxide-carbon moiety,PROMOTES,HER performance,causal_interpretive,explicit_single_span,author_interpretation,local-electronic-structure–HER-performance promotion,"Notably, the HER performance of $\text{W}_1\text{Mo}_1\text{-NG}$ catalyst is extremely superior to $\text{Mo}_2\text{-NG}$ and $\text{W}_2\text{-NG}$ , which can be attributed to the atomic W—O—Mo—O—C moiety having favorable local electronic structure.","[""Notably, the HER performance of $\\text{W}_1\\text{Mo}_1\\text{-NG}$ catalyst is extremely superior to $\\text{Mo}_2\\text{-NG}$ and $\\text{W}_2\\text{-NG}$ , which can be attributed to the atomic W—O—Mo—O—C moiety having favorable local electronic structure.""]",the atomic W—O—Mo—O—C moiety having favorable local electronic structure,can be attributed to,the HER performance of $\text{W}_1\text{Mo}_1\text{-NG}$ catalyst,[],"[{""key"": ""motif"", ""value"": ""heterobimetallic oxide-carbon moiety""}, {""key"": ""reaction"", ""value"": ""HER""}]","[""mech_w1mo1_electronic_structure""]","[""EXPRESSES_PATTERN""]","[{""asset_ids"": [], ""document_id"": ""main"", ""document_role"": ""main"", ""locator_text"": null, ""page_id"": null}]",1,"[""RELATION_CUE_MISMATCH""]","[{""code"": ""RELATION_CUE_MISMATCH"", ""detail"": ""Relation evidence does not lexically support PROMOTES."", ""field"": ""relation_evidence_phrase"", ""repairable"": true}]",[],,,,,,,,,,
99a8833ff2f0ba74eeb9,Kiwook_2,0d53689bf967d1c5,c8cd9196f1e2471c,Kiwook_2:main:4b679c47626efc81f16c,[main] whole document,main,bp_heteronuclear_vs_homonuclear_dual_atom_her,RelationPattern,True,REJECTED,accepted_pattern,heteronuclear dual-atom architecture,CONTRASTS_WITH,homonuclear dual-atom architectures,heteronuclear dual-atom architecture,CONTRASTS_WITH,homonuclear dual-atom architectures,descriptive,explicit_single_span,paper_result,heteronuclear–homonuclear dual-atom HER contrast,"Notably, the HER performance of $\text{W}_1\text{Mo}_1\text{-NG}$ catalyst is extremely superior to $\text{Mo}_2\text{-NG}$ and $\text{W}_2\text{-NG}$","[""Notably, the HER performance of $\\text{W}_1\\text{Mo}_1\\text{-NG}$ catalyst is extremely superior to $\\text{Mo}_2\\text{-NG}$ and $\\text{W}_2\\text{-NG}$""]",$\text{W}_1\text{Mo}_1\text{-NG}$ catalyst,is extremely superior to,$\text{Mo}_2\text{-NG}$ and $\text{W}_2\text{-NG}$,[],"[{""key"": ""reaction"", ""value"": ""HER""}]","[""obs_w1mo1_superior_her""]","[""EXPRESSES_PATTERN""]","[{""asset_ids"": [], ""document_id"": ""main"", ""document_role"": ""main"", ""locator_text"": null, ""page_id"": null}]",1,"[""RELATION_CUE_MISMATCH""]","[{""code"": ""RELATION_CUE_MISMATCH"", ""detail"": ""Relation evidence does not lexically support CONTRASTS_WITH."", ""field"": ""relation_evidence_phrase"", ""repairable"": true}]",[],,,,,,,,,,
c66387949d8440762d07,Kiwook_2,0d53689bf967d1c5,c8cd9196f1e2471c,Kiwook_2:main:7c42680fc094a6a094bf,[main] whole document,main,bp1,RelationPattern,True,REJECTED,accepted_pattern,support wrinkles and ripples,PROMOTES,metallic-species stabilization,support wrinkles and ripples,PROMOTES,metallic-species stabilization,causal_interpretive,explicit_single_span,author_interpretation,support-wrinkle–metal-species stabilization relation,"As revealed in Fig. 2A and fig. S1,  $\text{W}_1\text{Mo}_1\text{-NG}$  and RGO have similar morphology with abundant wrinkles and ripples, which serve as anchoring sites to stabilize the metallic species.","[""As revealed in Fig. 2A and fig. S1,  $\\text{W}_1\\text{Mo}_1\\text{-NG}$  and RGO have similar morphology with abundant wrinkles and ripples, which serve as anchoring sites to stabilize the metallic species.""]",wrinkles and ripples,serve as anchoring sites to stabilize,the metallic species,[],"[{""key"": ""support_family"", ""value"": ""graphene-based support""}]","[""mech_wrinkles_anchor""]","[""EXPRESSES_PATTERN""]","[{""asset_ids"": [], ""document_id"": ""main"", ""document_role"": ""main"", ""locator_text"": ""Morphology and structure characterization"", ""page_id"": 3}]",1,"[""RELATION_CUE_MISMATCH""]","[{""code"": ""RELATION_CUE_MISMATCH"", ""detail"": ""Relation evidence does not lexically support PROMOTES."", ""field"": ""relation_evidence_phrase"", ""repairable"": true}]",[],,,,,,,,,,
48a9a394804c462a7d17,Kiwook_2,0d53689bf967d1c5,c8cd9196f1e2471c,Kiwook_2:main:7c42680fc094a6a094bf,[main] whole document,main,bp2,RelationPattern,True,ACCEPTED_PATTERN,accepted_pattern,interacting paired metal atoms,SUPPRESSES,support-sheet agglomeration,interacting paired metal atoms,SUPPRESSES,support-sheet agglomeration,causal_interpretive,explicit_single_span,author_interpretation,metal-interaction–support-agglomeration suppression,"These results suggest that the interacted W and Mo atoms can effectively inhibit the agglomeration of NG sheets and generate a considerable amount of voids (fig. S6), which provides nucleation sites for W-Mo heterodimers.","[""These results suggest that the interacted W and Mo atoms can effectively inhibit the agglomeration of NG sheets and generate a considerable amount of voids (fig. S6), which provides nucleation sites for W-Mo heterodimers.""]",the interacted W and Mo atoms,can effectively inhibit,the agglomeration of NG sheets,[],"[{""key"": ""support_family"", ""value"": ""nitrogen-doped graphene""}, {""key"": ""secondary_effect"", ""value"": ""void generation""}]","[""mech_interaction_voids""]","[""EXPRESSES_PATTERN""]","[{""asset_ids"": [], ""document_id"": ""main"", ""document_role"": ""main"", ""locator_text"": ""Chemical composition and valence-state characterization"", ""page_id"": 4}]",1,[],[],[],,,,,,,,,,
fce80b47b873f95ca64f,Kiwook_2,0d53689bf967d1c5,c8cd9196f1e2471c,Kiwook_2:main:7c42680fc094a6a094bf,[main] whole document,main,bp3,RelationPattern,True,REJECTED,accepted_pattern,support-generated voids,PROMOTES,heterodimer nucleation,support-generated voids,PROMOTES,heterodimer nucleation,causal_interpretive,explicit_single_span,author_interpretation,void-mediated heterodimer nucleation,"These results suggest that the interacted W and Mo atoms can effectively inhibit the agglomeration of NG sheets and generate a considerable amount of voids (fig. S6), which provides nucleation sites for W-Mo heterodimers.","[""These results suggest that the interacted W and Mo atoms can effectively inhibit the agglomeration of NG sheets and generate a considerable amount of voids (fig. S6), which provides nucleation sites for W-Mo heterodimers.""]",a considerable amount of voids,provides nucleation sites for,W-Mo heterodimers,[],"[{""key"": ""support_family"", ""value"": ""nitrogen-doped graphene""}, {""key"": ""nucleation_target"", ""value"": ""heteronuclear metal dimers""}]","[""mech_interaction_voids""]","[""EXPRESSES_PATTERN""]","[{""asset_ids"": [], ""document_id"": ""main"", ""document_role"": ""main"", ""locator_text"": ""Chemical composition and valence-state characterization"", ""page_id"": 4}]",1,"[""RELATION_CUE_MISMATCH""]","[{""code"": ""RELATION_CUE_MISMATCH"", ""detail"": ""Relation evidence does not lexically support PROMOTES."", ""field"": ""relation_evidence_phrase"", ""repairable"": true}]",[],,,,,,,,,,
6db19229da84de4e500e,Kiwook_2,0d53689bf967d1c5,c8cd9196f1e2471c,Kiwook_2:main:7c6f5802d36d5057f877,[main] whole document,main,concept_coordination_distortion_electronic_modulation,RelationPattern,True,ACCEPTED_PATTERN,accepted_pattern,distorted O-coordinated heterodimer,MODULATES,local electronic structure,distorted O-coordinated heterodimer,MODULATES,local electronic structure,causal_interpretive,explicit_single_span,author_interpretation,coordination-distortion–electronic-structure modulation,"In $W_1Mo_1$ -NG, the O-coordinated W-Mo heterodimer with distorted structure provides the possibility to modulate the electronic structure around the W, Mo, and O atoms, thereby improving the electrocatalytic activity.","[""In $W_1Mo_1$ -NG, the O-coordinated W-Mo heterodimer with distorted structure provides the possibility to modulate the electronic structure around the W, Mo, and O atoms, thereby improving the electrocatalytic activity.""]",the O-coordinated W-Mo heterodimer with distorted structure,provides the possibility to modulate,"the electronic structure around the W, Mo, and O atoms",[],"[{""key"": ""coordination_environment"", ""value"": ""O-coordinated""}, {""key"": ""activity_context"", ""value"": ""electrocatalytic activity""}]","[""mech_electronic_modulation""]","[""EXPRESSES_PATTERN""]","[{""asset_ids"": [], ""document_id"": ""main"", ""document_role"": ""main"", ""locator_text"": null, ""page_id"": 6}]",1,[],[],[],,,,,,,,,,
6e9bbc8cacbaa10331a0,Kiwook_2,0d53689bf967d1c5,c8cd9196f1e2471c,Kiwook_2:main:7c6f5802d36d5057f877,[main] whole document,main,concept_cvd_coordination_state_retention,DynamicState,False,KEPT_FRONTIER,paper_local_frontier,,,,,,,,,author_interpretation,CVD coordination-state retention,"In this work, the energy provided during the CVD process probably fails to reach the dissociation energy of M—O bonds (M = W, Mo) in W-Mo and $Mo_2$ dimers obtained via hydrothermal process, thus keeping M—O coordination.",[],,,,[],[],"[""synth_cvd_selfassembly""]","[""EXHIBITS_DYNAMIC_STATE""]","[{""asset_ids"": [], ""document_id"": ""main"", ""document_role"": ""main"", ""locator_text"": null, ""page_id"": 6}]",1,[],[],[],,,,,,,,,,
78ab54298b1cdd48d2df,Kiwook_2,0d53689bf967d1c5,c8cd9196f1e2471c,Kiwook_2:main:93fc2625bf776e2d2c7f,[main] whole document,main,bridge_pom_oxo_proton_site_selection,RelationPattern,True,ACCEPTED_PATTERN,accepted_pattern,POM-inherited bridged-oxo coordination motif,SELECTS,proton adsorption site,POM-inherited bridged-oxo coordination motif,SELECTS,proton adsorption site,causal_interpretive,explicit_single_span,author_interpretation,bridged-oxo–proton-site selection,"Specifically, the bridged oxo in POMs is preferred for proton adsorption; thus, bridging oxygen in W—O—Mo—O—C configuration inherited from POMs shows optimal  $\Delta G_H$  in electrocatalytic HER.","[""Specifically, the bridged oxo in POMs is preferred for proton adsorption; thus, bridging oxygen in W—O—Mo—O—C configuration inherited from POMs shows optimal  $\\Delta G_H$  in electrocatalytic HER.""]",bridging oxygen in W—O—Mo—O—C configuration inherited from POMs,is preferred for proton adsorption,proton adsorption,[],"[{""key"": ""reaction_step"", ""value"": ""proton adsorption""}, {""key"": ""reaction"", ""value"": ""hydrogen evolution reaction""}]","[""mech_bridged_oxo_preferred""]","[""EXPRESSES_PATTERN""]","[{""asset_ids"": [], ""document_id"": ""main"", ""document_role"": ""main"", ""locator_text"": null, ""page_id"": 10}]",1,[],[],[],,,,,,,,,,
f0d37b6858b2a7f6a995,Kiwook_2,0d53689bf967d1c5,c8cd9196f1e2471c,Kiwook_2:main:93fc2625bf776e2d2c7f,[main] whole document,main,bridge_heteronuclear_homonuclear_her_contrast,RelationPattern,True,REJECTED,accepted_pattern,heteronuclear dual-atom architecture,CONTRASTS_WITH,homonuclear dual-atom architectures,heteronuclear dual-atom architecture,CONTRASTS_WITH,homonuclear dual-atom architectures,descriptive,explicit_single_span,paper_result,heteronuclear–homonuclear HER-activity contrast,"Thus, according to the DFT calculation results, the O-coordinated W<sub>1</sub>Mo<sub>1</sub>-NG system has a near-optimum synergistic effect and gives more favorable  $\Delta G_H$  for HER than O-coordinated Mo<sub>2</sub>-NG and N-coordinated W<sub>2</sub>-NG systems as well as other Mo atom– and W atom–nucleated structures.","[""Thus, according to the DFT calculation results, the O-coordinated W<sub>1</sub>Mo<sub>1</sub>-NG system has a near-optimum synergistic effect and gives more favorable  $\\Delta G_H$  for HER than O-coordinated Mo<sub>2</sub>-NG and N-coordinated W<sub>2</sub>-NG systems as well as other Mo atom– and W atom–nucleated structures.""]",the O-coordinated W<sub>1</sub>Mo<sub>1</sub>-NG system,gives more favorable  $\Delta G_H$  for HER than,O-coordinated Mo<sub>2</sub>-NG and N-coordinated W<sub>2</sub>-NG systems,[],"[{""key"": ""reaction"", ""value"": ""hydrogen evolution reaction""}, {""key"": ""comparison_basis"", ""value"": ""hydrogen adsorption free energy""}]","[""obs_w1mo1_more_favorable_dgh""]","[""EXPRESSES_PATTERN""]","[{""asset_ids"": [], ""document_id"": ""main"", ""document_role"": ""main"", ""locator_text"": null, ""page_id"": 10}]",1,"[""RELATION_CUE_MISMATCH""]","[{""code"": ""RELATION_CUE_MISMATCH"", ""detail"": ""Relation evidence does not lexically support CONTRASTS_WITH."", ""field"": ""relation_evidence_phrase"", ""repairable"": true}]",[],,,,,,,,,,
9fcc0e7a98c704bef3dd,Kiwook_2,0d53689bf967d1c5,c8cd9196f1e2471c,Kiwook_2:main:93fc2625bf776e2d2c7f,[main] whole document,main,bridge_oxo_heterodimer_electronic_environment,RelationPattern,True,REJECTED,accepted_pattern,W—O—Mo—O—C configuration,MODULATES,electron environment for HER,W—O—Mo—O—C configuration,MODULATES,electron environment for HER,causal_interpretive,explicit_single_span,author_interpretation,oxo-heterodimer coordination–electronic-environment modulation,"indicating that W—O—Mo—O—C configuration could redistribute the electronic structure, which affords an improved electron environment for HER.","[""indicating that W—O—Mo—O—C configuration could redistribute the electronic structure, which affords an improved electron environment for HER.""]",W—O—Mo—O—C configuration,could redistribute the electronic structure,an improved electron environment for HER,[],"[{""key"": ""reaction"", ""value"": ""hydrogen evolution reaction""}, {""key"": ""effect"", ""value"": ""electronic-structure redistribution""}]","[""mech_w_o_mo_o_c_electronic""]","[""EXPRESSES_PATTERN""]","[{""asset_ids"": [], ""document_id"": ""main"", ""document_role"": ""main"", ""locator_text"": null, ""page_id"": 10}]",1,"[""RELATION_CUE_MISMATCH""]","[{""code"": ""RELATION_CUE_MISMATCH"", ""detail"": ""Relation evidence does not lexically support MODULATES."", ""field"": ""relation_evidence_phrase"", ""repairable"": true}]",[],,,,,,,,,,
0fd0bab302b8dd86a997,Kiwook_2,0d53689bf967d1c5,c8cd9196f1e2471c,Kiwook_2:main:aa6dedebab13cae1d393,[main] whole document,main,concept_kinetics_intrinsic_activity,RelationPattern,True,ACCEPTED_PATTERN,accepted_pattern,HER kinetics,PROMOTES,intrinsic activity,HER kinetics,PROMOTES,intrinsic activity,causal_interpretive,explicit_single_span,author_interpretation,HER-kinetics–intrinsic-activity relationship,"Distinctly,  $\text{W}_1\text{Mo}_1\text{-NG}$  has such a lower Tafel slope and larger  $j_0$  value than those of  $\text{Mo}_2\text{-NG}$ ,  $\text{W}_2\text{-NG}$ , and raw NG, suggesting the superior HER kinetics and enhancing the intrinsic activity of  $\text{W}_1\text{Mo}_1\text{-NG}$ .","[""Distinctly,  $\\text{W}_1\\text{Mo}_1\\text{-NG}$  has such a lower Tafel slope and larger  $j_0$  value than those of  $\\text{Mo}_2\\text{-NG}$ ,  $\\text{W}_2\\text{-NG}$ , and raw NG, suggesting the superior HER kinetics and enhancing the intrinsic activity of  $\\text{W}_1\\text{Mo}_1\\text{-NG}$ .""]",superior HER kinetics,enhancing,the intrinsic activity,[],[],"[""mech_w1mo1_her_kinetics""]","[""EXPRESSES_PATTERN""]","[{""asset_ids"": [], ""document_id"": ""main"", ""document_role"": ""main"", ""locator_text"": null, ""page_id"": 7}]",1,[],[],[],,,,,,,,,,
4681763410e5fe8abae2,Kiwook_2,0d53689bf967d1c5,c8cd9196f1e2471c,Kiwook_2:main:b59fb49d6a5ba373c5ee,[main] whole document,main,bridge_coordination_environment_varies_with_metal_composition,RelationPattern,True,REJECTED,accepted_pattern,coordination environment,VARIES_WITH,metal composition,coordination environment,VARIES_WITH,metal composition,correlational,explicit_single_span,paper_result,coordination-environment–metal-composition correlation,"$W_1Mo_1$ -NG and  $Mo_2$ -NG are O-coordinated, while the W(VI) in  $W_2$ -NG are co-coordinated with O and N atoms.","[""$W_1Mo_1$ -NG and  $Mo_2$ -NG are O-coordinated, while the W(VI) in  $W_2$ -NG are co-coordinated with O and N atoms.""]",are O-coordinated,"are O-coordinated, while the W(VI) in  $W_2$ -NG are co-coordinated with O and N atoms",$W_1Mo_1$ -NG and  $Mo_2$ -NG,[],[],"[""cat_W1Mo1_NG""]","[""EXPRESSES_PATTERN""]","[{""asset_ids"": [], ""document_id"": ""main"", ""document_role"": ""main"", ""locator_text"": null, ""page_id"": 4}]",1,"[""RELATION_CUE_MISMATCH""]","[{""code"": ""RELATION_CUE_MISMATCH"", ""detail"": ""Relation evidence does not lexically support VARIES_WITH."", ""field"": ""relation_evidence_phrase"", ""repairable"": true}]",[],,,,,,,,,,
24d2f085b5b4f4e00bce,Kiwook_2,0d53689bf967d1c5,c8cd9196f1e2471c,Kiwook_2:main:bac4243fe6f053d74649,[main] whole document,main,bridge_heteronuclear_architecture_activity_contrast,RelationPattern,True,REJECTED,accepted_pattern,heteronuclear dual-atom architecture,CONTRASTS_WITH,homo- and benchmark comparator catalysts,heteronuclear dual-atom architecture,CONTRASTS_WITH,homo- and benchmark comparator catalysts,descriptive,explicit_single_span,paper_result,heteronuclear dual-atom architecture–intrinsic HER activity contrast,"These reveal that $\text{W}_1\text{Mo}_1\text{-NG}$  has better intrinsic activity than $\text{Mo}_2\text{-NG}$ , $\text{W}_2\text{-NG}$ , and NG, even outperforming benchmark Pt/C in pH-universal electrolyte (8).","[""These reveal that $\\text{W}_1\\text{Mo}_1\\text{-NG}$  has better intrinsic activity than $\\text{Mo}_2\\text{-NG}$ , $\\text{W}_2\\text{-NG}$ , and NG, even outperforming benchmark Pt/C in pH-universal electrolyte (8).""]",$\text{W}_1\text{Mo}_1\text{-NG}$,has better intrinsic activity than,"$\text{Mo}_2\text{-NG}$ , $\text{W}_2\text{-NG}$ , and NG, even outperforming benchmark Pt/C",[],"[{""key"": ""property"", ""value"": ""intrinsic HER activity""}, {""key"": ""normalization"", ""value"": ""electrochemical active surface area""}, {""key"": ""electrolyte_context"", ""value"": ""pH-universal electrolyte""}]","[""obs_w1mo1_intrinsic_activity""]","[""EXPRESSES_PATTERN""]","[{""asset_ids"": [], ""document_id"": ""main"", ""document_role"": ""main"", ""locator_text"": null, ""page_id"": null}]",1,"[""RELATION_CUE_MISMATCH""]","[{""code"": ""RELATION_CUE_MISMATCH"", ""detail"": ""Relation evidence does not lexically support CONTRASTS_WITH."", ""field"": ""relation_evidence_phrase"", ""repairable"": true}]",[],,,,,,,,,,
d5802cd82c7ea00fd24e,Kiwook_2,0d53689bf967d1c5,c8cd9196f1e2471c,Kiwook_2:main:c71613a5ab892bc52b28,[main] whole document,main,pattern_electronic_delocalization_h_adsorption,RelationPattern,True,REJECTED,accepted_pattern,delocalized electrons,CORRELATES_WITH,favorable H adsorption behavior,delocalized electrons,CORRELATES_WITH,favorable H adsorption behavior,correlational,explicit_single_span,author_interpretation,electronic delocalization–H adsorption correlation,"Notably, heteronuclear W<sub>1</sub>Mo<sub>1</sub>-NG exhibits an increased DOS for the occupied states from 0.30 eV to the  $E_F$  (the shadowed part in Fig. 6I) due to the delocalized electrons (37), corresponding to the favorable adsorption behavior of H.","[""Notably, heteronuclear W<sub>1</sub>Mo<sub>1</sub>-NG exhibits an increased DOS for the occupied states from 0.30 eV to the  $E_F$  (the shadowed part in Fig. 6I) due to the delocalized electrons (37), corresponding to the favorable adsorption behavior of H.""]",delocalized electrons,corresponding to,favorable adsorption behavior of H,[],"[{""key"": ""electronic_indicator"", ""value"": ""increased occupied-state DOS near the Fermi level""}]","[""obs_pdos_delocalization""]","[""EXPRESSES_PATTERN""]","[{""asset_ids"": [""Kiwook_2:main:asset:77c20a59c0234b29""], ""document_id"": ""main"", ""document_role"": ""main"", ""locator_text"": ""Fig. 6I"", ""page_id"": 10}]",1,"[""RELATION_CUE_MISMATCH""]","[{""code"": ""RELATION_CUE_MISMATCH"", ""detail"": ""Relation evidence does not lexically support CORRELATES_WITH."", ""field"": ""relation_evidence_phrase"", ""repairable"": true}]",[],,,,,,,,,,
21539090b17ec77c6532,Kiwook_2,0d53689bf967d1c5,c8cd9196f1e2471c,Kiwook_2:main:c71613a5ab892bc52b28,[main] whole document,main,pattern_ionic_character_h_overbinding,RelationPattern,True,REJECTED,accepted_pattern,increased ionic character,PROMOTES,strong H overbinding,increased ionic character,PROMOTES,strong H overbinding,causal_interpretive,explicit_single_span,author_interpretation,ionic character–H overbinding relation,"Compared to heteronuclear W<sub>1</sub>Mo<sub>1</sub>-NG, the homonuclear Mo<sub>2</sub>-NG and W<sub>2</sub>-NG exhibit growing ionic nature because the electrons are strongly localized around coordination atoms (Fig. 6, G and H), via which the electrons from the metal centers are partially depleted to the coordinated O sites, leading to strong overbinding of H.","[""Compared to heteronuclear W<sub>1</sub>Mo<sub>1</sub>-NG, the homonuclear Mo<sub>2</sub>-NG and W<sub>2</sub>-NG exhibit growing ionic nature because the electrons are strongly localized around coordination atoms (Fig. 6, G and H), via which the electrons from the metal centers are partially depleted to the coordinated O sites, leading to strong overbinding of H.""]",growing ionic nature,leading to,strong overbinding of H,[],"[{""key"": ""electronic_context"", ""value"": ""strong electron localization around coordination atoms""}, {""key"": ""reaction_species"", ""value"": ""H""}]","[""mech_h_overbinding_homonuclear""]","[""EXPRESSES_PATTERN""]","[{""asset_ids"": [""Kiwook_2:main:asset:77c20a59c0234b29""], ""document_id"": ""main"", ""document_role"": ""main"", ""locator_text"": ""Fig. 6G-H"", ""page_id"": 10}]",1,"[""RELATION_CUE_MISMATCH""]","[{""code"": ""RELATION_CUE_MISMATCH"", ""detail"": ""Relation evidence does not lexically support PROMOTES."", ""field"": ""relation_evidence_phrase"", ""repairable"": true}]",[],,,,,,,,,,
b663f15a459b643abd16,Kiwook_2,0d53689bf967d1c5,c8cd9196f1e2471c,Kiwook_2:main:c71613a5ab892bc52b28,[main] whole document,main,frontier_interfacial_water_network_reorganization,InterfacialEffect,False,REJECTED,paper_local_frontier,,,,,,,,,author_interpretation,interfacial water-network reorganization,"Meanwhile, the delocalized electrons for W<sub>1</sub>Mo<sub>1</sub>-NG system can reduce the adsorption energy between the active sites and water in alkaline solution (37), which could lower the energetic barrier for the reorganization of the interfacial water network, thereby enhancing the hydrogen evolution rate (38).",[],,,,[],[],"[""mech_water_reorganization""]","[""INVOLVES_PHENOMENON""]","[{""asset_ids"": [""Kiwook_2:main:asset:77c20a59c0234b29""], ""document_id"": ""main"", ""document_role"": ""main"", ""locator_text"": ""Fig. 6I"", ""page_id"": 10}]",1,"[""INSTANCE_ONLY""]","[{""code"": ""INSTANCE_ONLY"", ""detail"": ""The candidate is a paper-specific numeric instance rather than a reusable Bridge concept."", ""field"": ""source_phrase"", ""repairable"": false}]",[],,,,,,,,,,
a1a9533fcefc06b870c0,Kiwook_2,0d53689bf967d1c5,c8cd9196f1e2471c,Kiwook_2:main:ddbbc7e88800e9b7d70a,[main] whole document,main,concept_heteronuclear_electron_deficiency,ElectronicEffect,False,KEPT_FRONTIER,paper_local_frontier,,,,,,,,,author_interpretation,heteronuclear-metal-induced electron deficiency,"which demonstrates the electron deficiency at W atoms by introducing Mo atoms, suggesting strong interactions between heteronuclear W-Mo atoms and NG support.",[],,,,[],[],"[""mech_W_electron_deficiency""]","[""INVOLVES_PHENOMENON""]","[{""asset_ids"": [""Kiwook_2:main:asset:c3e3d577ccd22fa0""], ""document_id"": ""main"", ""document_role"": ""main"", ""locator_text"": null, ""page_id"": 6}]",1,[],[],[],,,,,,,,,,
f9d57e7b070ec8da4db8,Kiwook_2,0d53689bf967d1c5,c8cd9196f1e2471c,Kiwook_2:main:ddbbc7e88800e9b7d70a,[main] whole document,main,concept_low_coordination_xanes_environment,Phenomenon,False,KEPT_FRONTIER,paper_local_frontier,,,,,,,,,author_interpretation,low-coordination environment revealed by XANES peak shift,"Furthermore, the main peak of  $W_1Mo_1$ -NG (10,210.12 eV) moves toward low energy compared to  $W_2$ -NG (10,210.71 eV) and  $WO_3$  (10,210.74 eV), revealing the low CN environment of W atoms in  $W_1Mo_1$ -NG (28).",[],,,,[],[],"[""mech_W_low_CN""]","[""EXHIBITS_DYNAMIC_STATE""]","[{""asset_ids"": [""Kiwook_2:main:asset:c3e3d577ccd22fa0""], ""document_id"": ""main"", ""document_role"": ""main"", ""locator_text"": null, ""page_id"": 6}]",1,[],[],[],,,,,,,,,,
cef9d59eb1ab71541809,Kiwook_2,0d53689bf967d1c5,c8cd9196f1e2471c,Kiwook_2:main:e33520737e4ae5888ca2,[main] whole document,main,concept_her_kinetic_architecture_contrast,RelationPattern,True,REJECTED,accepted_pattern,heteronuclear dual-atom architecture,CONTRASTS_WITH,homonuclear dual-atom and metal-free graphene architectures,heteronuclear dual-atom architecture,CONTRASTS_WITH,homonuclear dual-atom and metal-free graphene architectures,correlational,explicit_single_span,paper_result,heteronuclear dual-atom architecture contrasts with homonuclear and metal-free architectures in HER kinetics,"The results reveal that  $\text{W}_1\text{Mo}_1\text{-NG}$  has more favorable HER kinetics than  $\text{Mo}_2\text{-NG}$ ,  $\text{W}_2\text{-NG}$ , and NG under both acidic and alkaline media.","[""The results reveal that  $\\text{W}_1\\text{Mo}_1\\text{-NG}$  has more favorable HER kinetics than  $\\text{Mo}_2\\text{-NG}$ ,  $\\text{W}_2\\text{-NG}$ , and NG under both acidic and alkaline media.""]",$\text{W}_1\text{Mo}_1\text{-NG}$,has more favorable HER kinetics than,"$\text{Mo}_2\text{-NG}$ ,  $\text{W}_2\text{-NG}$ , and NG",[],"[{""key"": ""reaction"", ""value"": ""hydrogen evolution reaction""}, {""key"": ""media"", ""value"": ""acidic and alkaline""}, {""key"": ""comparison_basis"", ""value"": ""HER kinetics""}]","[""obs_her_kinetics""]","[""EXPRESSES_PATTERN""]","[{""asset_ids"": [""Kiwook_2:main:asset:82cf76eb4e1ace73""], ""document_id"": ""main"", ""document_role"": ""main"", ""locator_text"": null, ""page_id"": 7}]",1,"[""RELATION_CUE_MISMATCH""]","[{""code"": ""RELATION_CUE_MISMATCH"", ""detail"": ""Relation evidence does not lexically support CONTRASTS_WITH."", ""field"": ""relation_evidence_phrase"", ""repairable"": true}]",[],,,,,,,,,,
d770a017713dd3d4b529,Kiwook_2,0d53689bf967d1c5,c8cd9196f1e2471c,Kiwook_2:main:ef57c4d09185da24ad36,[main] whole document,main,concept_wmo_synergy_kinetic_barrier,RelationPattern,True,REJECTED,accepted_pattern,W–Mo species synergy,MODULATES,HER reaction kinetic barrier,W–Mo species synergy,MODULATES,HER reaction kinetic barrier,causal_interpretive,explicit_single_span,author_interpretation,W–Mo synergy–kinetic-barrier modulation,indicating that the synergy of W and Mo species decreases the reaction kinetic barrier for HER.,"[""indicating that the synergy of W and Mo species decreases the reaction kinetic barrier for HER.""]",the synergy of W and Mo species,decreases,the reaction kinetic barrier for HER,[],"[{""key"": ""reaction"", ""value"": ""hydrogen evolution reaction""}]","[""mech_w_mo_synergy""]","[""EXPRESSES_PATTERN""]","[{""asset_ids"": [], ""document_id"": ""main"", ""document_role"": ""main"", ""locator_text"": null, ""page_id"": null}]",1,"[""RELATION_CUE_MISMATCH""]","[{""code"": ""RELATION_CUE_MISMATCH"", ""detail"": ""Relation evidence does not lexically support MODULATES."", ""field"": ""relation_evidence_phrase"", ""repairable"": true}]",[],,,,,,,,,,
20e0528a2220a79821bd,Kiwook_2,0d53689bf967d1c5,c8cd9196f1e2471c,Kiwook_2:main:fab2cf1db1d475a27275,[main] whole document,main,bridge_active_site_configuration_activity,RelationPattern,True,REJECTED,accepted_pattern,active-site coordination configuration,PROMOTES,HER catalytic activity and stability,active-site coordination configuration,PROMOTES,HER catalytic activity and stability,causal_interpretive,explicit_single_span,author_interpretation,active-site configuration–catalytic-activity relationship,"The distinctive $W-O-Mo-O-C$ configuration is the active site for HER, which guarantees excellent catalytic activity and high stability.","[""The distinctive $W-O-Mo-O-C$ configuration is the active site for HER, which guarantees excellent catalytic activity and high stability.""]",The distinctive $W-O-Mo-O-C$ configuration,guarantees,excellent catalytic activity and high stability,[],"[{""key"": ""reaction"", ""value"": ""hydrogen evolution reaction""}]","[""mech_active_site""]","[""EXPRESSES_PATTERN""]","[{""asset_ids"": [""Kiwook_2:main:asset:77c20a59c0234b29""], ""document_id"": ""main"", ""document_role"": ""main"", ""locator_text"": ""Fig. 6. HER mechanism"", ""page_id"": 10}]",1,"[""RELATION_CUE_MISMATCH""]","[{""code"": ""RELATION_CUE_MISMATCH"", ""detail"": ""Relation evidence does not lexically support PROMOTES."", ""field"": ""relation_evidence_phrase"", ""repairable"": true}]",[],,,,,,,,,,
c99e906d009b050c7ad2,Kiwook_2,0d53689bf967d1c5,c8cd9196f1e2471c,Kiwook_2:main:fab2cf1db1d475a27275,[main] whole document,main,bridge_electron_delocalization_her_activity,RelationPattern,True,ACCEPTED_PATTERN,accepted_pattern,electron delocalization,PROMOTES,HER activity,electron delocalization,PROMOTES,HER activity,causal_interpretive,explicit_single_span,author_interpretation,electron-delocalization–HER-activity relationship,"DFT results reveal that electron delocalization of $W_1Mo_1-NG$ system affords the desirable $\Delta G_H$ and good HER kinetics, thereby promoting HER activity.","[""DFT results reveal that electron delocalization of $W_1Mo_1-NG$ system affords the desirable $\\Delta G_H$ and good HER kinetics, thereby promoting HER activity.""]",electron delocalization,thereby promoting,HER activity,[],"[{""key"": ""reaction"", ""value"": ""hydrogen evolution reaction""}, {""key"": ""intermediate_properties"", ""value"": ""hydrogen adsorption thermodynamics and HER kinetics""}]","[""mech_electron_delocalization""]","[""EXPRESSES_PATTERN""]","[{""asset_ids"": [""Kiwook_2:main:asset:77c20a59c0234b29""], ""document_id"": ""main"", ""document_role"": ""main"", ""locator_text"": ""Fig. 6. HER mechanism"", ""page_id"": 10}]",1,[],[],[],,,,,,,,,,
3fdda6bad8d78417d030,Kiwook_2,0d53689bf967d1c5,c8cd9196f1e2471c,Kiwook_2:main:fab2cf1db1d475a27275,[main] whole document,main,bridge_pom_self_assembly_design_rule,RelationPattern,True,ACCEPTED_PATTERN,accepted_pattern,self-assembly of polyoxometalates,SUGGESTS_DESIGN_RULE,preparation of atomic-scale catalysts with uniformly distributed active ingredients,self-assembly of polyoxometalates,SUGGESTS_DESIGN_RULE,preparation of atomic-scale catalysts with uniformly distributed active ingredients,causal_interpretive,explicit_single_span,author_interpretation,POM self-assembly–uniform atomic-catalyst preparation design rule,These results suggest that the self-assembly of POMs can be a versatile method for preparing atomic-scale catalysts with uniform distributed active ingredients.,"[""These results suggest that the self-assembly of POMs can be a versatile method for preparing atomic-scale catalysts with uniform distributed active ingredients.""]",the self-assembly of POMs,suggest that,the self-assembly of POMs can be a versatile method for preparing atomic-scale catalysts with uniform distributed active ingredients,[],"[{""key"": ""preparation_context"", ""value"": ""atomic-scale catalysts""}]","[""synth_two_step_cvd""]","[""EXPRESSES_PATTERN""]","[{""asset_ids"": [], ""document_id"": ""main"", ""document_role"": ""main"", ""locator_text"": ""HER mechanism discussion"", ""page_id"": 10}]",1,[],[],[],,,,,,,,,,
96ca4d75be6dab2c13c6,Kiwook_2,0d53689bf967d1c5,c8cd9196f1e2471c,Kiwook_2:si1:256cb37c4637e69bb429,Supplementary Fig S16,si1,bridge_WMo_ratio_HER_activity,RelationPattern,True,REJECTED,accepted_pattern,HER catalytic activity,VARIES_WITH,W/Mo ratio,HER catalytic activity,VARIES_WITH,W/Mo ratio,correlational,explicit_single_span,paper_result,HER activity varies with W/Mo ratio,**Fig. S16. Effects of the ratio of W/Mo and CVD processing time on the catalytic activities of HER in 0.5 M  $\text{H}_2\text{SO}_4$ .**,"[""**Fig. S16. Effects of the ratio of W/Mo and CVD processing time on the catalytic activities of HER in 0.5 M  $\\text{H}_2\\text{SO}_4$ .**""]",catalytic activities of HER,Effects of,the ratio of W/Mo,[],"[{""key"": ""reaction"", ""value"": ""hydrogen evolution reaction""}, {""key"": ""electrolyte"", ""value"": ""0.5 M H2SO4""}]","[""exp_S16_HER_activity""]","[""EXPRESSES_PATTERN""]","[{""asset_ids"": [""Kiwook_2:si1:asset:60095755a83c112e""], ""document_id"": ""si1"", ""document_role"": ""supporting_information"", ""locator_text"": ""Fig. S16"", ""page_id"": 5}]",1,"[""RELATION_CUE_MISMATCH""]","[{""code"": ""RELATION_CUE_MISMATCH"", ""detail"": ""Relation evidence does not lexically support VARIES_WITH."", ""field"": ""relation_evidence_phrase"", ""repairable"": true}]",[],,,,,,,,,,
2c5d5e3d2d3a42828a1f,Kiwook_2,0d53689bf967d1c5,c8cd9196f1e2471c,Kiwook_2:si1:256cb37c4637e69bb429,Supplementary Fig S16,si1,bridge_CVD_time_HER_activity,RelationPattern,True,REJECTED,accepted_pattern,HER catalytic activity,VARIES_WITH,CVD processing time,HER catalytic activity,VARIES_WITH,CVD processing time,correlational,explicit_single_span,paper_result,HER activity varies with CVD processing time,**Fig. S16. Effects of the ratio of W/Mo and CVD processing time on the catalytic activities of HER in 0.5 M  $\text{H}_2\text{SO}_4$ .**,"[""**Fig. S16. Effects of the ratio of W/Mo and CVD processing time on the catalytic activities of HER in 0.5 M  $\\text{H}_2\\text{SO}_4$ .**""]",catalytic activities of HER,Effects of,CVD processing time,[],"[{""key"": ""reaction"", ""value"": ""hydrogen evolution reaction""}, {""key"": ""electrolyte"", ""value"": ""0.5 M H2SO4""}]","[""exp_S16_HER_activity""]","[""EXPRESSES_PATTERN""]","[{""asset_ids"": [""Kiwook_2:si1:asset:60095755a83c112e""], ""document_id"": ""si1"", ""document_role"": ""supporting_information"", ""locator_text"": ""Fig. S16"", ""page_id"": 5}]",1,"[""RELATION_CUE_MISMATCH""]","[{""code"": ""RELATION_CUE_MISMATCH"", ""detail"": ""Relation evidence does not lexically support VARIES_WITH."", ""field"": ""relation_evidence_phrase"", ""repairable"": true}]",[],,,,,,,,,,
bb36f19cec1ff8e4c541,Kiwook_2,0d53689bf967d1c5,c8cd9196f1e2471c,Kiwook_2:si1:49e615402e684e4ac0d2,Supplementary Fig S24,si1,bp_metal_addition_promotes_activity,RelationPattern,True,ACCEPTED_PATTERN,accepted_pattern,addition of Mo or W atoms to NG,PROMOTES,electrocatalytic activity of NG,addition of Mo or W atoms to NG,PROMOTES,electrocatalytic activity of NG,causal_interpretive,explicit_single_span,author_interpretation,metal-atom addition–electrocatalytic-activity enhancement,"The Mo2-NG and W2-NG both exhibit excellent HER performance than that of raw NG, indicating that the addition of Mo or W atoms can improve electrocatalytic activity of NG.","[""The Mo2-NG and W2-NG both exhibit excellent HER performance than that of raw NG, indicating that the addition of Mo or W atoms can improve electrocatalytic activity of NG.""]",the addition of Mo or W atoms,can improve,electrocatalytic activity of NG,[],[],"[""mech_metal_addition_activity""]","[""EXPRESSES_PATTERN""]","[{""asset_ids"": [], ""document_id"": ""si1"", ""document_role"": ""supporting_information"", ""locator_text"": ""Fig. S24"", ""page_id"": 28}]",1,[],[],[],,,,,,,,,,
fa3eb4eda5c1ef63d906,Kiwook_2,0d53689bf967d1c5,c8cd9196f1e2471c,Kiwook_2:si1:78d2308f5aeedf5d8f02,Supplementary Fig S11,si1,concept_coordination_evidence_model_incompatibility,RelationPattern,True,REJECTED,accepted_pattern,experimentally observed oxygen coordination,IDENTIFIES_FAILURE_MODE,N-coordinated dual-atom structural model,experimentally observed oxygen coordination,IDENTIFIES_FAILURE_MODE,N-coordinated dual-atom structural model,descriptive,explicit_single_span,paper_result,coordination-state evidence identifies incompatible structural models,"Considering that the XPS results of W1Mo1-NG show that the Mo and W atoms are oxygen coordinated, the N-coordinated W-Mo dimer model shown in (C) can be excluded.","[""Considering that the XPS results of W1Mo1-NG show that the Mo and W atoms are oxygen coordinated, the N-coordinated W-Mo dimer model shown in (C) can be excluded.""]",the XPS results of W1Mo1-NG show that the Mo and W atoms are oxygen coordinated,can be excluded,the N-coordinated W-Mo dimer model shown in (C),[],[],"[""obs_oxygen_coordination_excludes_n_model""]","[""EXPRESSES_PATTERN""]","[{""asset_ids"": [""Kiwook_2:si1:asset:60095755a83c112e""], ""document_id"": ""si1"", ""document_role"": ""supporting_information"", ""locator_text"": ""Fig. S11"", ""page_id"": 5}]",1,"[""RELATION_CUE_MISMATCH""]","[{""code"": ""RELATION_CUE_MISMATCH"", ""detail"": ""Relation evidence does not lexically support IDENTIFIES_FAILURE_MODE."", ""field"": ""relation_evidence_phrase"", ""repairable"": true}]",[],,,,,,,,,,
f23625d09b5c8b1f1eb5,Kiwook_2,0d53689bf967d1c5,c8cd9196f1e2471c,Kiwook_2:si1:92e33f214ccf6bdc8a52,Supplementary Fig S18,si1,bc_1,RelationPattern,True,REJECTED,accepted_pattern,HER catalytic activity,VARIES_WITH,W/Mo ratio and CVD processing time,HER catalytic activity,VARIES_WITH,W/Mo ratio and CVD processing time,correlational,explicit_single_span,paper_result,HER catalytic activity variation with composition and processing,Effects of the ratio of W/Mo and CVD processing time on the catalytic activities of HER in 1.0 M KOH.,"[""Effects of the ratio of W/Mo and CVD processing time on the catalytic activities of HER in 1.0 M KOH.""]",catalytic activities of HER,Effects of the ratio of W/Mo and CVD processing time on,the ratio of W/Mo and CVD processing time,[],"[{""key"": ""electrolyte"", ""value"": ""1.0 M KOH""}]","[""obs_s18_her_activity_comparison""]","[""EXPRESSES_PATTERN""]","[{""asset_ids"": [""Kiwook_2:si1:asset:60095755a83c112e""], ""document_id"": ""si1"", ""document_role"": ""supporting_information"", ""locator_text"": ""Fig. S18"", ""page_id"": 5}]",1,"[""RELATION_CUE_MISMATCH""]","[{""code"": ""RELATION_CUE_MISMATCH"", ""detail"": ""Relation evidence does not lexically support VARIES_WITH."", ""field"": ""relation_evidence_phrase"", ""repairable"": true}]",[],,,,,,,,,,
e59d457a8c0ce0aaf397,Kiwook_2,0d53689bf967d1c5,c8cd9196f1e2471c,Kiwook_2:si1:e242ff6b676ebedc5d66,Supplementary Fig S30,si1,bridge_coordination_site_h_adsorption_contrast,RelationPattern,True,REJECTED,accepted_pattern,O and C atoms coordinated with Mo atom,CONTRASTS_WITH,Mo9 site,O and C atoms coordinated with Mo atom,CONTRASTS_WITH,Mo9 site,descriptive,explicit_single_span,paper_result,coordination-site-dependent H-adsorption feasibility,The H can't form an effective adsorption structure on Mo9 site and can only adsorb to O and C atoms coordinated with Mo atom.,"[""The H can't form an effective adsorption structure on Mo9 site and can only adsorb to O and C atoms coordinated with Mo atom.""]",O and C atoms coordinated with Mo atom,can only adsorb to,Mo9 site,[],[],"[""obs_h_site_comparison""]","[""EXPRESSES_PATTERN""]","[{""asset_ids"": [""Kiwook_2:si1:asset:c271a7d2463cdaf1""], ""document_id"": ""si1"", ""document_role"": ""supporting_information"", ""locator_text"": ""Fig. S30"", ""page_id"": 7}]",1,"[""RELATION_CUE_MISMATCH""]","[{""code"": ""RELATION_CUE_MISMATCH"", ""detail"": ""Relation evidence does not lexically support CONTRASTS_WITH."", ""field"": ""relation_evidence_phrase"", ""repairable"": true}]",[],,,,,,,,,,
87a9d8a1983111c7e372,Kiwook_3,b55fa58e7fd1a782,1258bcc3fb718d4a,Kiwook_3:main:4ac2df36d08f4c463c0f,[main] whole document,main,pattern_dac_sac_her_activity_contrast,RelationPattern,True,REJECTED,accepted_pattern,dual-atom catalyst architecture,CONTRASTS_WITH,corresponding single-atom catalyst architecture,dual-atom catalyst architecture,CONTRASTS_WITH,corresponding single-atom catalyst architecture,correlational,explicit_single_span,paper_result,dual-atom architecture–single-atom architecture HER-activity contrast,"We further show that some of the DACs present better catalytic activities in hydrogen evolution reaction (HER) than the corresponding SACs, which can be attributed to the optimal charge transfer that is tuned by the additional atom.","[""We further show that some of the DACs present better catalytic activities in hydrogen evolution reaction (HER) than the corresponding SACs, which can be attributed to the optimal charge transfer that is tuned by the additional atom.""]",some of the DACs,present better catalytic activities in hydrogen evolution reaction (HER) than,the corresponding SACs,[],"[{""key"": ""reaction"", ""value"": ""hydrogen evolution reaction""}]","[""obs_dac_her_activity""]","[""EXPRESSES_PATTERN""]","[{""asset_ids"": [], ""document_id"": ""main"", ""document_role"": ""main"", ""locator_text"": ""Abstract"", ""page_id"": 0}]",1,"[""RELATION_CUE_MISMATCH""]","[{""code"": ""RELATION_CUE_MISMATCH"", ""detail"": ""Relation evidence does not lexically support CONTRASTS_WITH."", ""field"": ""relation_evidence_phrase"", ""repairable"": true}]",[],,,,,,,,,,
8426b14553d67f581301,Kiwook_3,b55fa58e7fd1a782,1258bcc3fb718d4a,Kiwook_3:main:4ac2df36d08f4c463c0f,[main] whole document,main,pattern_additional_atom_charge_transfer_modulation,RelationPattern,True,REJECTED,accepted_pattern,additional atom,MODULATES,charge transfer,additional atom,MODULATES,charge transfer,causal_interpretive,explicit_single_span,author_interpretation,additional-atom–charge-transfer modulation,"We further show that some of the DACs present better catalytic activities in hydrogen evolution reaction (HER) than the corresponding SACs, which can be attributed to the optimal charge transfer that is tuned by the additional atom.","[""We further show that some of the DACs present better catalytic activities in hydrogen evolution reaction (HER) than the corresponding SACs, which can be attributed to the optimal charge transfer that is tuned by the additional atom.""]",the additional atom,is tuned by,the optimal charge transfer,[],"[{""key"": ""reaction"", ""value"": ""hydrogen evolution reaction""}]","[""mech_additional_atom_charge_transfer""]","[""EXPRESSES_PATTERN""]","[{""asset_ids"": [], ""document_id"": ""main"", ""document_role"": ""main"", ""locator_text"": ""Abstract"", ""page_id"": 0}]",1,"[""RELATION_CUE_MISMATCH""]","[{""code"": ""RELATION_CUE_MISMATCH"", ""detail"": ""Relation evidence does not lexically support MODULATES."", ""field"": ""relation_evidence_phrase"", ""repairable"": true}]",[],,,,,,,,,,
65c85ac1f1679d49da07,Kiwook_3,b55fa58e7fd1a782,1258bcc3fb718d4a,Kiwook_3:main:66ab9ac409911285a6b4,[main] whole document,main,bc_preferred_site_varies_metal_identity,RelationPattern,True,ACCEPTED_PATTERN,accepted_pattern,preferred adsorption site,VARIES_WITH,metal identity,preferred adsorption site,VARIES_WITH,metal identity,correlational,derived_multi_span,paper_result,preferred adsorption site–metal identity variation,"When the  $M_1$  is adsorbed on  $G$ , the H site is the most stable adsorption site for 13 elements (Ti, V, Fe, Co, Ni, Zr, Nb, Tc, Ru, Rh, Hf, Ta, and Os); B site is the most stable adsorption site for 7 elements (Cr, Mo, Pd, Ag, W, Ir, and Pt); and the remaining elements (Mn, Cu, Re, and Au) sit on T site.","[""When the  $M_1$  is adsorbed on  $G$ , the H site is the most stable adsorption site for 13 elements (Ti, V, Fe, Co, Ni, Zr, Nb, Tc, Ru, Rh, Hf, Ta, and Os); B site is the most stable adsorption site for 7 elements (Cr, Mo, Pd, Ag, W, Ir, and Pt); and the remaining elements (Mn, Cu, Re, and Au) sit on T site."", ""When the  $M_1$  is adsorbed on  $G$ , the H site is the most stable adsorption site for 13 elements (Ti, V, Fe, Co, Ni, Zr, Nb, Tc, Ru, Rh, Hf, Ta, and Os);"", ""B site is the most stable adsorption site for 7 elements (Cr, Mo, Pd, Ag, W, Ir, and Pt);""]",,,,"[{""object_value"": ""Ti, V, Fe, Co, Ni, Zr, Nb, Tc, Ru, Rh, Hf, Ta, and Os"", ""source_phrase"": ""When the  $M_1$  is adsorbed on  $G$ , the H site is the most stable adsorption site for 13 elements (Ti, V, Fe, Co, Ni, Zr, Nb, Tc, Ru, Rh, Hf, Ta, and Os);"", ""subject_value"": ""H site""}, {""object_value"": ""Cr, Mo, Pd, Ag, W, Ir, and Pt"", ""source_phrase"": ""B site is the most stable adsorption site for 7 elements (Cr, Mo, Pd, Ag, W, Ir, and Pt);"", ""subject_value"": ""B site""}]","[{""key"": ""support"", ""value"": ""pure graphene""}, {""key"": ""adsorption_regime"", ""value"": ""single-atom adsorption""}]","[""model_tm1_g""]","[""EXPRESSES_PATTERN""]","[{""asset_ids"": [""Kiwook_3:main:asset:60819dbb49fa6666""], ""document_id"": ""main"", ""document_role"": ""main"", ""locator_text"": null, ""page_id"": 2}]",1,[],[],[],,,,,,,,,,
911e02b9dfc6b421936f,Kiwook_3,b55fa58e7fd1a782,1258bcc3fb718d4a,Kiwook_3:main:66ab9ac409911285a6b4,[main] whole document,main,bc_adsorption_site_competition,RelationPattern,True,ACCEPTED_PATTERN,accepted_pattern,graphene C-C bond site,COMPETES_WITH,single-defect vacancy site,graphene C-C bond site,COMPETES_WITH,single-defect vacancy site,descriptive,explicit_single_span,author_interpretation,graphene bond site–vacancy site adsorption competition,"Comparing Tables 1 and 2, for elements (Cr, Mo, Pd, Ag, W, Ir, and Pt) whose B site is the best adsorption site on pure graphene, the value difference between  $E_b^1$  and  $E_b^G$  of Pd(Pt) is relatively small, making the C-C bonds (B site) and the single-defect vacancy (S site) to single atom in Pd-SVGN<sub>3</sub>(Pt-SVGN<sub>3</sub>) competitive for the adsorption of a single atom, eventually resulting in one  $d_{M_1-N_X}$  that is much larger than the other two.","[""Comparing Tables 1 and 2, for elements (Cr, Mo, Pd, Ag, W, Ir, and Pt) whose B site is the best adsorption site on pure graphene, the value difference between  $E_b^1$  and  $E_b^G$  of Pd(Pt) is relatively small, making the C-C bonds (B site) and the single-defect vacancy (S site) to single atom in Pd-SVGN<sub>3</sub>(Pt-SVGN<sub>3</sub>) competitive for the adsorption of a single atom, eventually resulting in one  $d_{M_1-N_X}$  that is much larger than the other two.""]",the C-C bonds (B site),competitive for the adsorption of a single atom,the single-defect vacancy (S site),[],"[{""key"": ""competition_target"", ""value"": ""single-atom adsorption""}, {""key"": ""support_context"", ""value"": ""pure graphene and nitrogen-vacancy graphene""}, {""key"": ""adsorption_regime"", ""value"": ""comparable binding-energy regime""}]","[""obs_svgn3_binding_stronger""]","[""EXPRESSES_PATTERN""]","[{""asset_ids"": [""Kiwook_3:main:asset:60819dbb49fa6666""], ""document_id"": ""main"", ""document_role"": ""main"", ""locator_text"": null, ""page_id"": 2}]",1,[],[],[],,,,,,,,,,
6c5d3d2a067e592cd81b,Kiwook_3,b55fa58e7fd1a782,1258bcc3fb718d4a,Kiwook_3:main:66ab9ac409911285a6b4,[main] whole document,main,bc_svgn3_site_selection,RelationPattern,True,REJECTED,accepted_pattern,nitrogen-vacancy support,SELECTS,single-vacancy adsorption site,nitrogen-vacancy support,SELECTS,single-vacancy adsorption site,descriptive,explicit_single_span,paper_result,nitrogen-vacancy support selects vacancy adsorption site,"For  $TM_1-SVGN_3$ , the  $M_1$  is embedded in the position of the S point for all the elements.","[""For  $TM_1-SVGN_3$ , the  $M_1$  is embedded in the position of the S point for all the elements.""]",For  $TM_1-SVGN_3$,is embedded in,the position of the S point,[],"[{""key"": ""adsorption_regime"", ""value"": ""single-atom adsorption""}]","[""model_tm1_svgn3""]","[""EXPRESSES_PATTERN""]","[{""asset_ids"": [""Kiwook_3:main:asset:60819dbb49fa6666""], ""document_id"": ""main"", ""document_role"": ""main"", ""locator_text"": null, ""page_id"": 2}]",1,"[""RELATION_CUE_MISMATCH""]","[{""code"": ""RELATION_CUE_MISMATCH"", ""detail"": ""Relation evidence does not lexically support SELECTS."", ""field"": ""relation_evidence_phrase"", ""repairable"": true}]",[],,,,,,,,,,
974748386488f5d51ad7,Kiwook_3,b55fa58e7fd1a782,1258bcc3fb718d4a,Kiwook_3:main:8c9c1588055d211885f7,[main] whole document,main,bp_1,RelationPattern,True,REJECTED,accepted_pattern,anchored SAC stability,IMPOSES_TRADEOFF,catalytic activity,anchored SAC stability,IMPOSES_TRADEOFF,catalytic activity,causal_interpretive,explicit_single_span,background,metal-support-binding–activity trade-off,"Despite the significant progress in theory and experiments, the stability of anchored SACs possibly comes with the sacrifice of activity because of the too strong metal-support interaction.","[""Despite the significant progress in theory and experiments, the stability of anchored SACs possibly comes with the sacrifice of activity because of the too strong metal-support interaction.""]",stability of anchored SACs,comes with the sacrifice of,activity,[],"[{""key"": ""support_family"", ""value"": ""N-doped graphene""}]","[""mech_dac_synergy""]","[""EXPRESSES_PATTERN""]","[{""asset_ids"": [], ""document_id"": ""main"", ""document_role"": ""main"", ""locator_text"": null, ""page_id"": null}]",1,"[""RELATION_CUE_MISMATCH""]","[{""code"": ""RELATION_CUE_MISMATCH"", ""detail"": ""Relation evidence does not lexically support IMPOSES_TRADEOFF."", ""field"": ""relation_evidence_phrase"", ""repairable"": true}]",[],,,,,,,,,,
e3d82ec6a144ad4c586f,Kiwook_3,b55fa58e7fd1a782,1258bcc3fb718d4a,Kiwook_3:main:8c9c1588055d211885f7,[main] whole document,main,bp_2,RelationPattern,True,REJECTED,accepted_pattern,strong single-atom adsorption sites,SELECTS,secondary-atom capture for DAC formation,strong single-atom adsorption sites,SELECTS,secondary-atom capture for DAC formation,causal_interpretive,explicit_single_span,author_interpretation,strong-site adsorption–secondary-atom capture,"As the single atoms in SACs always have a stronger adsorption capacity than any other sites of support, the secondary atom is thermodynamically more likely to be captured to form DACs [25].","[""As the single atoms in SACs always have a stronger adsorption capacity than any other sites of support, the secondary atom is thermodynamically more likely to be captured to form DACs [25].""]",single atoms in SACs always have a stronger adsorption capacity than any other sites of support,is thermodynamically more likely to be captured,to form DACs,[],"[{""key"": ""support_family"", ""value"": ""graphene support""}]","[""mech_dac_formation""]","[""EXPRESSES_PATTERN""]","[{""asset_ids"": [], ""document_id"": ""main"", ""document_role"": ""main"", ""locator_text"": null, ""page_id"": null}]",1,"[""RELATION_CUE_MISMATCH""]","[{""code"": ""RELATION_CUE_MISMATCH"", ""detail"": ""Relation evidence does not lexically support SELECTS."", ""field"": ""relation_evidence_phrase"", ""repairable"": true}]",[],,,,,,,,,,
9208999fc90a42cf7c5e,Kiwook_3,b55fa58e7fd1a782,1258bcc3fb718d4a,Kiwook_3:main:8c9c1588055d211885f7,[main] whole document,main,bp_3,RelationPattern,True,REJECTED,accepted_pattern,preferred SAC-versus-DAC configuration,VARIES_WITH,transition-metal identity,preferred SAC-versus-DAC configuration,VARIES_WITH,transition-metal identity,correlational,explicit_single_span,paper_result,metal-identity-dependent nuclearity preference,"Among the 24 TM elements, 17 of them generally prefer to form the anchored SACs ( $TM_1-SVGN_3$ ), while the rest of them are prone to forming DACs ( $TM_2-SVGN_3$ ) instead of SACs.","[""Among the 24 TM elements, 17 of them generally prefer to form the anchored SACs ( $TM_1-SVGN_3$ ), while the rest of them are prone to forming DACs ( $TM_2-SVGN_3$ ) instead of SACs.""]",prefer to form the anchored SACs,while the rest of them are prone to forming DACs,24 TM elements,[],"[{""key"": ""support_family"", ""value"": ""SVGN3 nitrogen-doped single-vacancy graphene""}]","[""obs_stability_preference""]","[""EXPRESSES_PATTERN""]","[{""asset_ids"": [], ""document_id"": ""main"", ""document_role"": ""main"", ""locator_text"": null, ""page_id"": null}]",1,"[""RELATION_CUE_MISMATCH""]","[{""code"": ""RELATION_CUE_MISMATCH"", ""detail"": ""Relation evidence does not lexically support VARIES_WITH."", ""field"": ""relation_evidence_phrase"", ""repairable"": true}]",[],,,,,,,,,,
bab504141c7aa4cc25cc,Kiwook_3,b55fa58e7fd1a782,1258bcc3fb718d4a,Kiwook_3:main:8c9c1588055d211885f7,[main] whole document,main,bp_4,RelationPattern,True,REJECTED,accepted_pattern,dual-atom catalyst architecture,CONTRASTS_WITH,single-atom catalyst architecture,dual-atom catalyst architecture,CONTRASTS_WITH,single-atom catalyst architecture,correlational,explicit_single_span,paper_result,DAC–SAC HER-activity contrast,"We found 13 DACs showed higher HER activity than SACs, in which  $Re_2-SVGN_3$  show the superior activity.","[""We found 13 DACs showed higher HER activity than SACs, in which  $Re_2-SVGN_3$  show the superior activity.""]",13 DACs,showed higher HER activity than,SACs,[],"[{""key"": ""reaction_step"", ""value"": ""HER""}, {""key"": ""activity_basis"", ""value"": ""Gibbs free energy of H adsorption""}]","[""obs_her_activity_comparison""]","[""EXPRESSES_PATTERN""]","[{""asset_ids"": [], ""document_id"": ""main"", ""document_role"": ""main"", ""locator_text"": null, ""page_id"": null}]",1,"[""RELATION_CUE_MISMATCH""]","[{""code"": ""RELATION_CUE_MISMATCH"", ""detail"": ""Relation evidence does not lexically support CONTRASTS_WITH."", ""field"": ""relation_evidence_phrase"", ""repairable"": true}]",[],,,,,,,,,,
22168ba5109f23f8420e,Kiwook_3,b55fa58e7fd1a782,1258bcc3fb718d4a,Kiwook_3:main:cecc5d30aab7b5ef7508,[main] whole document,main,pattern_configuration_varies_with_metal_identity,RelationPattern,True,ACCEPTED_PATTERN,accepted_pattern,metal configuration assignment,VARIES_WITH,metal identity,metal configuration assignment,VARIES_WITH,metal identity,correlational,derived_multi_span,paper_result,metal-configuration assignment varies with metal identity,| Ti           | Ⅰ                                  | − 9.92                | 2.08                    | 2.10                    | 2.10                    | 2.15                    | 2.06                                     | 2.06                    | 2.82                    |,"[""| Ti           | Ⅰ                                  | − 9.92                | 2.08                    | 2.10                    | 2.10                    | 2.15                    | 2.06                                     | 2.06                    | 2.82                    |"", ""| V            | Ⅱ                                  | − 7.79                | 1.95                    | 1.95                    | 2.04                    | 3.48                    | 3.48                                     | 1.98                    | 2.03                    |""]",,,,"[{""object_value"": ""Ti"", ""source_phrase"": ""| Ti           | Ⅰ                                  | − 9.92                | 2.08                    | 2.10                    | 2.10                    | 2.15                    | 2.06                                     | 2.06                    | 2.82                    |"", ""subject_value"": ""Ⅰ""}, {""object_value"": ""V"", ""source_phrase"": ""| V            | Ⅱ                                  | − 7.79                | 1.95                    | 1.95                    | 2.04                    | 3.48                    | 3.48                                     | 1.98                    | 2.03                    |"", ""subject_value"": ""Ⅱ""}]",[],"[""group_E_comparison""]","[""EXPRESSES_PATTERN""]","[{""asset_ids"": [], ""document_id"": ""main"", ""document_role"": ""main"", ""locator_text"": null, ""page_id"": null}]",1,[],[],[],,,,,,,,,,
bb995c9978fa91ca192f,Kiwook_3,b55fa58e7fd1a782,1258bcc3fb718d4a,Kiwook_3:main:dd15aaed7d05ad556637,[main] whole document,main,pattern_binding_energy_varies_with_metal_identity,RelationPattern,True,ACCEPTED_PATTERN,accepted_pattern,single-atom binding energy,VARIES_WITH,transition-metal identity,single-atom binding energy,VARIES_WITH,transition-metal identity,correlational,derived_multi_span,paper_result,single-atom binding energy–metal-identity variation,| Ti | S    | -6.29      | 1.91                   | 1.91                   | 1.91                   | 1.58 |,"[""| Ti | S    | -6.29      | 1.91                   | 1.91                   | 1.91                   | 1.58 |"", ""| Au | S    | -1.09      | 2.34                   | 2.34                   | 2.35                   | 2.03 |""]",,,,"[{""object_value"": ""-6.29 eV"", ""source_phrase"": ""| Ti | S    | -6.29      | 1.91                   | 1.91                   | 1.91                   | 1.58 |"", ""subject_value"": ""Ti""}, {""object_value"": ""-1.09 eV"", ""source_phrase"": ""| Au | S    | -1.09      | 2.34                   | 2.34                   | 2.35                   | 2.03 |"", ""subject_value"": ""Au""}]","[{""key"": ""anchoring_site"", ""value"": ""S""}, {""key"": ""support_context"", ""value"": ""SVGN3 graphene vacancy support""}]","[""group_binding_comparison"", ""meas_au_binding"", ""meas_ti_binding""]","[""EXPRESSES_PATTERN""]","[{""asset_ids"": [], ""document_id"": ""main"", ""document_role"": ""main"", ""locator_text"": ""Binding-energy table"", ""page_id"": 4}, {""asset_ids"": [], ""document_id"": ""main"", ""document_role"": ""main"", ""locator_text"": ""Binding-energy table"", ""page_id"": 4}, {""asset_ids"": [], ""document_id"": ""main"", ""document_role"": ""main"", ""locator_text"": ""Binding-energy table"", ""page_id"": 4}]",3,[],[],[],,,,,,,,,,
20941b04d9c7d028da33,Kiwook_3,b55fa58e7fd1a782,1258bcc3fb718d4a,Kiwook_3:main:f3743a998cede62687cf,[main] whole document,main,bp_nonh_charge_nuclearity,RelationPattern,True,ACCEPTED_PATTERN,accepted_pattern,non-H total metal charge,VARIES_WITH,catalyst nuclearity,non-H total metal charge,VARIES_WITH,catalyst nuclearity,correlational,derived_multi_span,paper_result,non-H total metal charge varies with nuclearity,|              Co-SVGN <sub>3</sub>               | +0.82                 | —                       | +0.82                   |                         |                         |                                          |                         |                         |,"[""|              Co-SVGN <sub>3</sub>               | +0.82                 | —                       | +0.82                   |                         |                         |                                          |                         |                         |"", ""|              Co <sub>2</sub> -SVGN <sub>3</sub> | +0.73                 | −0.13                   | +0.60                   |                         |                         |                                          |                         |                         |"", ""|              Ni-SVGN <sub>3</sub>               | +0.73                 | —                       | +0.73                   |                         |                         |                                          |                         |                         |"", ""|              Ni <sub>2</sub> -SVGN <sub>3</sub> | +0.64                 | −0.18                   | +0.46                   |                         |                         |                                          |                         |                         |"", ""|              Pd-SVGN <sub>3</sub>               | +0.52                 | —                       | +0.52                   |                         |                         |                                          |                         |                         |"", ""|              Pd <sub>2</sub> -SVGN <sub>3</sub> | +0.47                 | +0.11                   | +0.58                   |                         |                         |                                          |                         |                         |""]",,,,"[{""object_value"": ""single-atom nuclearity"", ""source_phrase"": ""|              Co-SVGN <sub>3</sub>               | +0.82                 | —                       | +0.82                   |                         |                         |                                          |                         |                         |"", ""subject_value"": ""Co-SVGN3 non-H total metal charge (+0.82)""}, {""object_value"": ""dual-atom nuclearity"", ""source_phrase"": ""|              Co <sub>2</sub> -SVGN <sub>3</sub> | +0.73                 | −0.13                   | +0.60                   |                         |                         |                                          |                         |                         |"", ""subject_value"": ""Co2-SVGN3 non-H total metal charge (+0.60)""}, {""object_value"": ""single-atom nuclearity"", ""source_phrase"": ""|              Ni-SVGN <sub>3</sub>               | +0.73                 | —                       | +0.73                   |                         |                         |                                          |                         |                         |"", ""subject_value"": ""Ni-SVGN3 non-H total metal charge (+0.73)""}, {""object_value"": ""dual-atom nuclearity"", ""source_phrase"": ""|              Ni <sub>2</sub> -SVGN <sub>3</sub> | +0.64                 | −0.18                   | +0.46                   |                         |                         |                                          |                         |                         |"", ""subject_value"": ""Ni2-SVGN3 non-H total metal charge (+0.46)""}, {""object_value"": ""single-atom nuclearity"", ""source_phrase"": ""|              Pd-SVGN <sub>3</sub>               | +0.52                 | —                       | +0.52                   |                         |                         |                                          |                         |                         |"", ""subject_value"": ""Pd-SVGN3 non-H total metal charge (+0.52)""}, {""object_value"": ""dual-atom nuclearity"", ""source_phrase"": ""|              Pd <sub>2</sub> -SVGN <sub>3</sub> | +0.47                 | +0.11                   | +0.58                   |                         |                         |                                          |                         |                         |"", ""subject_value"": ""Pd2-SVGN3 non-H total metal charge (+0.58)""}]","[{""key"": ""support_family"", ""value"": ""SVGN3 nitrogen-vacancy support""}, {""key"": ""comparison_axis"", ""value"": ""single-atom versus dual-atom configuration""}]","[""group_total_charge""]","[""EXPRESSES_PATTERN""]","[{""asset_ids"": [], ""document_id"": ""main"", ""document_role"": ""main"", ""locator_text"": null, ""page_id"": null}]",1,[],[],[],,,,,,,,,,
8e180cbd80069ddc34c0,Kiwook_3,b55fa58e7fd1a782,1258bcc3fb718d4a,Kiwook_3:main:fd1ef3191dcc894da599,[main] whole document,main,bridge_site_identity_variation,RelationPattern,True,ACCEPTED_PATTERN,accepted_pattern,preferred adsorption site,VARIES_WITH,metal identity,preferred adsorption site,VARIES_WITH,metal identity,correlational,derived_multi_span,paper_result,preferred adsorption site varies with metal identity,| Ti | H    | − | 1.98 | 1.85 |,"[""| Ti | H    | − | 1.98 | 1.85 |"", ""| Cr | B    | − | 0.31 | 2.23 |"", ""| Mn | T    | − | 0.23 | 2.24 |""]",,,,"[{""object_value"": ""Ti"", ""source_phrase"": ""| Ti | H    | − | 1.98 | 1.85 |"", ""subject_value"": ""H""}, {""object_value"": ""Cr"", ""source_phrase"": ""| Cr | B    | − | 0.31 | 2.23 |"", ""subject_value"": ""B""}, {""object_value"": ""Mn"", ""source_phrase"": ""| Mn | T    | − | 0.23 | 2.24 |"", ""subject_value"": ""T""}]","[{""key"": ""support_family"", ""value"": ""graphene""}, {""key"": ""adsorbate"", ""value"": ""H""}]","[""calc_TM1_G_binding""]","[""EXPRESSES_PATTERN""]","[{""asset_ids"": [""Kiwook_3:main:asset:60819dbb49fa6666""], ""document_id"": ""main"", ""document_role"": ""main"", ""locator_text"": ""Table 2"", ""page_id"": 4}]",1,[],[],[],,,,,,,,,,
fa0810c52f16431e640f,Kiwook_3,b55fa58e7fd1a782,1258bcc3fb718d4a,Kiwook_3:main:fd1ef3191dcc894da599,[main] whole document,main,bridge_binding_energy_identity_variation,RelationPattern,True,ACCEPTED_PATTERN,accepted_pattern,hydrogen binding strength,VARIES_WITH,metal identity,hydrogen binding strength,VARIES_WITH,metal identity,correlational,derived_multi_span,paper_result,hydrogen binding strength varies with metal identity,| Ag | B    | − | 0.01 | 3.47 |,"[""| Ag | B    | − | 0.01 | 3.47 |"", ""| Fe | H    | − | 1.17 | 1.55 |"", ""| Ru | H    | − | 3.02 | 1.73 |""]",,,,"[{""object_value"": ""Ag"", ""source_phrase"": ""| Ag | B    | − | 0.01 | 3.47 |"", ""subject_value"": ""0.01 eV""}, {""object_value"": ""Fe"", ""source_phrase"": ""| Fe | H    | − | 1.17 | 1.55 |"", ""subject_value"": ""1.17 eV""}, {""object_value"": ""Ru"", ""source_phrase"": ""| Ru | H    | − | 3.02 | 1.73 |"", ""subject_value"": ""3.02 eV""}]","[{""key"": ""support_family"", ""value"": ""graphene""}, {""key"": ""adsorbate"", ""value"": ""H""}]","[""calc_TM1_G_binding""]","[""EXPRESSES_PATTERN""]","[{""asset_ids"": [""Kiwook_3:main:asset:60819dbb49fa6666""], ""document_id"": ""main"", ""document_role"": ""main"", ""locator_text"": ""Table 2"", ""page_id"": 4}]",1,[],[],[],,,,,,,,,,
bc959acf988f22cd6eff,Kiwook_3,b55fa58e7fd1a782,1258bcc3fb718d4a,Kiwook_3:si1:17b7747f0338804c291f,Supplementary Fig S1,si1,pattern_binding_energy_varies_with_metal_height,RelationPattern,True,ACCEPTED_PATTERN,accepted_pattern,binding energy,CORRELATES_WITH,metal height from pure graphene,binding energy,CORRELATES_WITH,metal height from pure graphene,correlational,explicit_single_span,paper_result,binding-energy–metal-height correlation,Correlation between the height (h) from the M1 to the pure graphene and binding energy ( $E_b^G$ ) in TM<sub>1</sub>–G.,"[""Correlation between the height (h) from the M1 to the pure graphene and binding energy ( $E_b^G$ ) in TM<sub>1</sub>–G.""]",binding energy ( $E_b^G$ ),Correlation between,the height (h) from the M1 to the pure graphene,[],"[{""key"": ""model_context"", ""value"": ""single-metal model on pure graphene""}]","[""obs_s2_height_binding_energy_correlation""]","[""EXPRESSES_PATTERN""]","[{""asset_ids"": [""Kiwook_3:si1:asset:b5d78d9d3deaa92c""], ""document_id"": ""si1"", ""document_role"": ""supporting_information"", ""locator_text"": ""Figure S2"", ""page_id"": 6}]",1,[],[],[],,,,,,,,,,
33a80138652388cbd759,Kiwook_3,b55fa58e7fd1a782,1258bcc3fb718d4a,Kiwook_3:si1:17b7747f0338804c291f,Supplementary Fig S1,si1,pattern_single_atom_binding_energy_varies_with_metal_n_distance,RelationPattern,True,ACCEPTED_PATTERN,accepted_pattern,binding energy,CORRELATES_WITH,average anchored-metal–nitrogen distance,binding energy,CORRELATES_WITH,average anchored-metal–nitrogen distance,correlational,explicit_single_span,paper_result,single-atom binding-energy–metal–nitrogen-distance correlation,Correlation between the average distance ( $d_{M1-Nx}$ ) from the anchored M1 to the N atom and binding energy ( $E_b^1$ ) in TM1–SVGN3.,"[""Correlation between the average distance ( $d_{M1-Nx}$ ) from the anchored M1 to the N atom and binding energy ( $E_b^1$ ) in TM1–SVGN3.""]",binding energy ( $E_b^1$ ),Correlation between,the average distance ( $d_{M1-Nx}$ ) from the anchored M1 to the N atom,[],"[{""key"": ""support_context"", ""value"": ""nitrogen-containing graphene support""}, {""key"": ""nuclearity"", ""value"": ""single atom""}]","[""obs_s3_distance_binding_energy_correlation""]","[""EXPRESSES_PATTERN""]","[{""asset_ids"": [""Kiwook_3:si1:asset:709a390bcc1e649d""], ""document_id"": ""si1"", ""document_role"": ""supporting_information"", ""locator_text"": ""Figure S3"", ""page_id"": 7}]",1,[],[],[],,,,,,,,,,
e4aa8bf75dc484192bf6,Kiwook_3,b55fa58e7fd1a782,1258bcc3fb718d4a,Kiwook_3:si1:17b7747f0338804c291f,Supplementary Fig S1,si1,pattern_dual_atom_binding_energy_varies_with_metal_n_distance,RelationPattern,True,ACCEPTED_PATTERN,accepted_pattern,dual-atom binding energy,CORRELATES_WITH,average dual-metal–nitrogen distances,dual-atom binding energy,CORRELATES_WITH,average dual-metal–nitrogen distances,correlational,explicit_single_span,paper_result,dual-atom binding-energy–metal–nitrogen-distance correlation,Correlation between the average distance ( $d_{M1-Nx}$  and  $d_{M2-Nx}$ ) from the dual-atoms (M1 and M2) to the N atom and binding energy ( $E_b^2$ ) in TM2–SVGN3.,"[""Correlation between the average distance ( $d_{M1-Nx}$  and  $d_{M2-Nx}$ ) from the dual-atoms (M1 and M2) to the N atom and binding energy ( $E_b^2$ ) in TM2–SVGN3.""]",binding energy ( $E_b^2$ ),Correlation between,the average distance ( $d_{M1-Nx}$  and  $d_{M2-Nx}$ ) from the dual-atoms (M1 and M2) to the N atom,[],"[{""key"": ""support_context"", ""value"": ""nitrogen-containing graphene support""}, {""key"": ""nuclearity"", ""value"": ""dual atom""}]","[""obs_s4_dual_distance_binding_energy_correlation""]","[""EXPRESSES_PATTERN""]","[{""asset_ids"": [""Kiwook_3:si1:asset:56a8168bf5e6e3b7""], ""document_id"": ""si1"", ""document_role"": ""supporting_information"", ""locator_text"": ""Figure S4"", ""page_id"": 8}]",1,[],[],[],,,,,,,,,,
e9d1da3d1571b084e793,Kiwook_3,b55fa58e7fd1a782,1258bcc3fb718d4a,Kiwook_3:si1:6582e9387df9f714e481,Supplementary Table S1,si1,binding-energy-functional-dependence,RelationPattern,True,REJECTED,accepted_pattern,binding energy,VARIES_WITH,DFT functional,binding energy,VARIES_WITH,DFT functional,correlational,derived_multi_span,paper_result,binding-energy–functional dependence,| TiG    | -1.98        | -1.28         | -1.98           |,"[""| TiG    | -1.98        | -1.28         | -1.98           |"", ""| TiGN3  | -6.29        | -5.94         | -6.45           |"", ""| Ti2GN3 | -9.92        | -8.90         | -9.92           |""]",,,,"[{""object_value"": ""PBE; RPBE; PBE+D3"", ""source_phrase"": ""| TiG    | -1.98        | -1.28         | -1.98           |"", ""subject_value"": ""TiG binding energy""}, {""object_value"": ""PBE; RPBE; PBE+D3"", ""source_phrase"": ""| TiGN3  | -6.29        | -5.94         | -6.45           |"", ""subject_value"": ""TiGN3 binding energy""}, {""object_value"": ""PBE; RPBE; PBE+D3"", ""source_phrase"": ""| Ti2GN3 | -9.92        | -8.90         | -9.92           |"", ""subject_value"": ""Ti2GN3 binding energy""}]","[{""key"": ""functional_set"", ""value"": ""PBE; RPBE; PBE+D3""}, {""key"": ""model_family"", ""value"": ""Ti-supported graphene and nitrogen-coordinated graphene models""}]","[""calc_binding_energy_functionals""]","[""EXPRESSES_PATTERN""]","[{""asset_ids"": [], ""document_id"": ""si1"", ""document_role"": ""supporting_information"", ""locator_text"": ""Table S1"", ""page_id"": null}]",1,"[""INSUFFICIENT_COMPARISON_EVIDENCE""]","[{""code"": ""INSUFFICIENT_COMPARISON_EVIDENCE"", ""detail"": ""The compared outcomes do not provide distinct object values."", ""field"": ""comparison_items"", ""repairable"": false}]",[],,,,,,,,,,
7bc44b14c1a787debebe,Kiwook_3,b55fa58e7fd1a782,1258bcc3fb718d4a,Kiwook_3:si1:734b32664d6514a751a1,Supplementary Table S1,si1,concept_h_adsorption_free_energy_varies_with_metal_identity,RelationPattern,True,ACCEPTED_PATTERN,accepted_pattern,hydrogen adsorption free energy,VARIES_WITH,metal identity,hydrogen adsorption free energy,VARIES_WITH,metal identity,correlational,derived_multi_span,paper_result,hydrogen-adsorption-free-energy variation with metal identity,| Co | -0.175    | 0.0415     | -0.180      | 0.05      |,"[""| Co | -0.175    | 0.0415     | -0.180      | 0.05      |"", ""| Cu | 0.095     | 0.0425     | -0.032      | 0.17      |""]",,,,"[{""object_value"": ""Co"", ""source_phrase"": ""| Co | -0.175    | 0.0415     | -0.180      | 0.05      |"", ""subject_value"": ""0.05 eV hydrogen adsorption free energy""}, {""object_value"": ""Cu"", ""source_phrase"": ""| Cu | 0.095     | 0.0425     | -0.032      | 0.17      |"", ""subject_value"": ""0.17 eV hydrogen adsorption free energy""}]","[{""key"": ""reaction_species"", ""value"": ""H adsorption""}, {""key"": ""potential"", ""value"": ""U = 0""}, {""key"": ""temperature"", ""value"": ""298.15 K""}]","[""meas_co_gibbs_adsorption_free_energy""]","[""EXPRESSES_PATTERN""]","[{""asset_ids"": [], ""document_id"": ""si1"", ""document_role"": ""supporting_information"", ""locator_text"": ""Supplementary Table S1"", ""page_id"": null}]",1,[],[],[],,,,,,,,,,
b8a4fa227e4d8a4b150a,Kiwook_3,b55fa58e7fd1a782,1258bcc3fb718d4a,Kiwook_3:si1:8ce600ea41dfb70b02c5,Supplementary Table S1,si1,pattern_h_adsorption_free_energy_varies_with_metal_identity,RelationPattern,True,ACCEPTED_PATTERN,accepted_pattern,hydrogen adsorption free energy,VARIES_WITH,metal identity,hydrogen adsorption free energy,VARIES_WITH,metal identity,correlational,derived_multi_span,paper_result,hydrogen-adsorption-free-energy–metal-identity variation,| Ti | -0.595    | 0.1595     | -0.202      | -0.23     |,"[""| Ti | -0.595    | 0.1595     | -0.202      | -0.23     |"", ""| V  | -1.335    | 0.0415     | -0.185      | -1.11     |"", ""| Cr | -0.605    | 0.0165     | -0.178      | -0.41     |""]",,,,"[{""object_value"": ""-0.595 eV"", ""source_phrase"": ""| Ti | -0.595    | 0.1595     | -0.202      | -0.23     |"", ""subject_value"": ""Ti""}, {""object_value"": ""-1.335 eV"", ""source_phrase"": ""| V  | -1.335    | 0.0415     | -0.185      | -1.11     |"", ""subject_value"": ""V""}, {""object_value"": ""-0.605 eV"", ""source_phrase"": ""| Cr | -0.605    | 0.0165     | -0.178      | -0.41     |"", ""subject_value"": ""Cr""}]",[],"[""grp_hdac_dg""]","[""EXPRESSES_PATTERN""]","[{""asset_ids"": [], ""document_id"": ""si1"", ""document_role"": ""supporting_information"", ""locator_text"": ""Supplementary Table S1"", ""page_id"": null}]",1,[],[],[],,,,,,,,,,
